id,email,password,first_name,last_name,affiliation,role,is_activated,newsletter,previous_newsletter_state,facebook_id,twitter_id,linkedin_id,google_id,username,orcid_id,preferred_link,terms
1,test+gigadb1@gigasciencejournal.com,5a4f75053077a32e681f81daa8792f95,test,gigadb1,BGI,"",f,t,t,,,,,test+gigadb1@gigasciencejournal.com,,EBI,true
2,exampleuser@madeup.com,5a4f75053077a32e681f81daa8792f95,example,user,BGI,"",t,t,t,,,,,exampleuser@madeup.com,,EBI,true
3,test+gigadb3@gigasciencejournal.com,5a4f75053077a32e681f81daa8792f95,test,gigadb3,BGI,"",f,t,t,,,,,test+gigadb3@gigasciencejournal.com,,EBI,true
4,test+gigadb4@gigasciencejournal.com,5a4f75053077a32e681f81daa8792f95,test,gigadb4,BGI,"",f,t,t,,,,,test+gigadb4@gigasciencejournal.com,,EBI,true
5,test+gigadb5@gigasciencejournal.com,5a4f75053077a32e681f81daa8792f95,test,gigadb5,University of Puerto Rico,"",f,t,t,,,,,test+gigadb5@gigasciencejournal.com,,EBI,true
6,test+gigadb6@gigasciencejournal.com,5a4f75053077a32e681f81daa8792f95,test,gigadb6,BGI,"",f,t,t,,,,,test+gigadb6@gigasciencejournal.com,,EBI,true
7,test+gigadb7@gigasciencejournal.com,5a4f75053077a32e681f81daa8792f95,test,gigadb7,BGI,"",f,t,t,,,,,test+gigadb7@gigasciencejournal.com,,EBI,true
8,test+gigadb8@gigasciencejournal.com,5a4f75053077a32e681f81daa8792f95,test,gigadb8,BGI,"",f,t,t,,,,,test+gigadb8@gigasciencejournal.com,,EBI,true
9,test+gigadb9@gigasciencejournal.com,5a4f75053077a32e681f81daa8792f95,test,gigadb9,BGI,"",f,t,t,,,,,test+gigadb9@gigasciencejournal.com,,EBI,true
10,test+gigadb10@gigasciencejournal.com,5a4f75053077a32e681f81daa8792f95,test,gigadb10,BGI,"",f,t,t,,,,,test+gigadb10@gigasciencejournal.com,,EBI,true
11,test+gigadb11@gigasciencejournal.com,5a4f75053077a32e681f81daa8792f95,test,gigadb11,BGI,"",f,t,t,,,,,test+gigadb11@gigasciencejournal.com,,EBI,true
12,test+gigadb12@gigasciencejournal.com,5a4f75053077a32e681f81daa8792f95,test,gigadb12,CAAS,"",f,t,t,,,,,test+gigadb12@gigasciencejournal.com,,EBI,true
13,test+gigadb13@gigasciencejournal.com,5a4f75053077a32e681f81daa8792f95,test,gigadb13,BGI,"",f,t,t,,,,,test+gigadb13@gigasciencejournal.com,,EBI,true
14,test+gigadb14@gigasciencejournal.com,5a4f75053077a32e681f81daa8792f95,test,gigadb14,BGI,"",f,t,t,,,,,test+gigadb14@gigasciencejournal.com,,EBI,true
15,test+gigadb15@gigasciencejournal.com,5a4f75053077a32e681f81daa8792f95,test,gigadb15,UCL Cancer Institute,"",f,t,t,,,,,test+gigadb15@gigasciencejournal.com,,EBI,true
16,test+gigadb16@gigasciencejournal.com,5a4f75053077a32e681f81daa8792f95,test,gigadb16,BGI,"",f,t,t,,,,,test+gigadb16@gigasciencejournal.com,,EBI,true
17,test+gigadb17@gigasciencejournal.com,5a4f75053077a32e681f81daa8792f95,test,gigadb17,BGI,"",f,t,t,,,,,test+gigadb17@gigasciencejournal.com,,EBI,true
18,test+gigadb18@gigasciencejournal.com,5a4f75053077a32e681f81daa8792f95,test,gigadb18,BGI,"",f,t,t,,,,,test+gigadb18@gigasciencejournal.com,,EBI,true
19,test+gigadb19@gigasciencejournal.com,5a4f75053077a32e681f81daa8792f95,test,gigadb19,CSIRO Livestock Industries,"",f,t,t,,,,,test+gigadb19@gigasciencejournal.com,,EBI,true
20,test+gigadb20@gigasciencejournal.com,5a4f75053077a32e681f81daa8792f95,test,gigadb20,BGI,"",f,t,t,,,,,test+gigadb20@gigasciencejournal.com,,EBI,true
21,test+gigadb21@gigasciencejournal.com,5a4f75053077a32e681f81daa8792f95,test,gigadb21,BGI,"",f,t,t,,,,,test+gigadb21@gigasciencejournal.com,,EBI,true
22,test+gigadb22@gigasciencejournal.com,5a4f75053077a32e681f81daa8792f95,test,gigadb22,BGI,"",f,t,t,,,,,test+gigadb22@gigasciencejournal.com,,EBI,true
23,test+gigadb23@gigasciencejournal.com,5a4f75053077a32e681f81daa8792f95,test,gigadb23,BGI,"",f,t,t,,,,,test+gigadb23@gigasciencejournal.com,,EBI,true
24,test+gigadb24@gigasciencejournal.com,5a4f75053077a32e681f81daa8792f95,test,gigadb24,BGI Shenzhen,"",f,t,t,,,,,test+gigadb24@gigasciencejournal.com,,EBI,true
25,test+gigadb25@gigasciencejournal.com,5a4f75053077a32e681f81daa8792f95,test,gigadb25,BGI Shenzhen,"",f,t,t,,,,,test+gigadb25@gigasciencejournal.com,,EBI,true
27,peter@gigasciencejournal.com,51dc30ddc473d43a6011e9ebba6ca770,Peter,Li,GigaScience,admin,t,t,f,,,,,peter@gigasciencejournal.com,,EBI,true
28,test+gigadb28@gigasciencejournal.com,5a4f75053077a32e681f81daa8792f95,test,gigadb28,GigaScience,user,f,t,f,,,,,test+gigadb28@gigasciencejournal.com,,EBI,true
29,test+gigadb29@gigasciencejournal.com,5a4f75053077a32e681f81daa8792f95,test,gigadb29,GigaScience,user,f,t,f,,,,,test+gigadb29@gigasciencejournal.com,,EBI,true
30,test+gigadb30@gigasciencejournal.com,5a4f75053077a32e681f81daa8792f95,test,gigadb30,BGI,user,f,t,f,,,,,test+gigadb30@gigasciencejournal.com,,EBI,true
32,test+gigadb32@gigasciencejournal.com,5a4f75053077a32e681f81daa8792f95,test,gigadb32,What?,admin,t,f,t,,,,,test+gigadb32@gigasciencejournal.com,,EBI,true
33,test+gigadb33@gigasciencejournal.com,5a4f75053077a32e681f81daa8792f95,test,gigadb33,What?,user,f,f,t,,,,,test+gigadb33@gigasciencejournal.com,,EBI,true
34,test+gigadb34@gigasciencejournal.com,5a4f75053077a32e681f81daa8792f95,test,gigadb34,BGI,admin,t,t,f,,,,,test+gigadb34@gigasciencejournal.com,,EBI,true
35,test+gigadb35@gigasciencejournal.com,5a4f75053077a32e681f81daa8792f95,test,gigadb35,BGI,user,t,t,f,,,,,test+gigadb35@gigasciencejournal.com,,EBI,true
36,only1chunts@gigasciencejournal.com,bcf839ae349d13cb0c3c4a9ec0cc243e,Chris,Hunter,BGI,user,t,t,f,,,,,only1chunts@gigasciencejournal.com,,EBI,true
37,jesse@gigasciencejournal.com,5a4f75053077a32e681f81daa8792f95,Jesse,Siu,GigaScience,admin,t,t,f,,,,,jesse@gigasciencejournal.com,,EBI,true
38,chris@gigasciencejournal.com,bcf839ae349d13cb0c3c4a9ec0cc243e,Chris,Hunter,BGI,admin,t,t,t,,,,,chris@gigasciencejournal.com,,EBI,true
42,test+gigadb42@gigasciencejournal.com,5a4f75053077a32e681f81daa8792f95,test,gigadb42,Cogini,admin,t,t,f,,,,,test+gigadb42@gigasciencejournal.com,,EBI,true
43,test+gigadb43@gigasciencejournal.com,5a4f75053077a32e681f81daa8792f95,test,gigadb43,BGI,"",f,t,f,,,,,test+gigadb43@gigasciencejournal.com,,EBI,true
44,test+gigadb44@gigasciencejournal.com,5a4f75053077a32e681f81daa8792f95,test,gigadb44,BGI,"",f,t,f,,,,,test+gigadb44@gigasciencejournal.com,,EBI,true
45,test+gigadb45@gigasciencejournal.com,5a4f75053077a32e681f81daa8792f95,test,gigadb45,"Max Planck Institute for Human Cognitive and Brain Sciences, Leipzig, Germany","",f,t,f,,,,,test+gigadb45@gigasciencejournal.com,,EBI,true
46,test+gigadb46@gigasciencejournal.com,5a4f75053077a32e681f81daa8792f95,test,gigadb46,GigaScience,user,t,t,f,,,,,test+gigadb46@gigasciencejournal.com,,EBI,true
47,test+gigadb47@gigasciencejournal.com,5a4f75053077a32e681f81daa8792f95,test,gigadb47,BGI,"",f,t,f,,,,,test+gigadb47@gigasciencejournal.com,,EBI,true
48,test+gigadb48@gigasciencejournal.com,5a4f75053077a32e681f81daa8792f95,test,gigadb48,BGI,user,t,t,f,,,,,test+gigadb48@gigasciencejournal.com,,EBI,true
49,test+gigadb49@gigasciencejournal.com,5a4f75053077a32e681f81daa8792f95,test,gigadb49,none,user,f,f,t,,,,,test+gigadb49@gigasciencejournal.com,,EBI,true
50,test+gigadb50@gigasciencejournal.com,5a4f75053077a32e681f81daa8792f95,test,gigadb50,Bogor Agricultural University (IPB),user,t,t,f,,,,,test+gigadb50@gigasciencejournal.com,,EBI,true
51,test+gigadb51@gigasciencejournal.com,5a4f75053077a32e681f81daa8792f95,test,gigadb51,CRG-Centre for Genomic Regulation,user,t,t,f,,,,,test+gigadb51@gigasciencejournal.com,,EBI,true
52,test+gigadb52@gigasciencejournal.com,5a4f75053077a32e681f81daa8792f95,test,gigadb52,UC Davis,"",f,t,f,,,,,test+gigadb52@gigasciencejournal.com,,EBI,true
53,test+gigadb53@gigasciencejournal.com,5a4f75053077a32e681f81daa8792f95,test,gigadb53,Beijing Institute of Genomics,user,t,t,f,,,,,test+gigadb53@gigasciencejournal.com,,EBI,true
54,test+gigadb54@gigasciencejournal.com,5a4f75053077a32e681f81daa8792f95,test,gigadb54,Ph.D,user,t,t,f,,,,,test+gigadb54@gigasciencejournal.com,,EBI,true
55,test+gigadb55@gigasciencejournal.com,5a4f75053077a32e681f81daa8792f95,test,gigadb55,Howard Hughes Medical Institute,"",f,t,f,,,,,test+gigadb55@gigasciencejournal.com,,EBI,true
56,test+gigadb56@gigasciencejournal.com,5a4f75053077a32e681f81daa8792f95,test,gigadb56,BGI,user,t,t,f,,,,,test+gigadb56@gigasciencejournal.com,,EBI,true
57,test+gigadb57@gigasciencejournal.com,5a4f75053077a32e681f81daa8792f95,test,gigadb57,BGI-Shenzhen,"",f,t,f,,,,,test+gigadb57@gigasciencejournal.com,,EBI,true
58,test+gigadb58@gigasciencejournal.com,5a4f75053077a32e681f81daa8792f95,test,gigadb58,University of Pittsburgh,user,t,t,f,,,,,test+gigadb58@gigasciencejournal.com,,EBI,true
59,test+gigadb59@gigasciencejournal.com,5a4f75053077a32e681f81daa8792f95,test,gigadb59,BMC,user,t,t,f,,,,,test+gigadb59@gigasciencejournal.com,,EBI,true
60,test+gigadb60@gigasciencejournal.com,5a4f75053077a32e681f81daa8792f95,test,gigadb60,National Institute for Family Planning,user,f,t,f,,,,,test+gigadb60@gigasciencejournal.com,,EBI,true
61,test+gigadb61@gigasciencejournal.com,5a4f75053077a32e681f81daa8792f95,test,gigadb61,"Institute of Genetics and Developmental Biology, CAS",user,f,t,f,,,,,test+gigadb61@gigasciencejournal.com,,EBI,true
62,test+gigadb62@gigasciencejournal.com,5a4f75053077a32e681f81daa8792f95,test,gigadb62,Wall-Eva,user,f,t,f,,,,,test+gigadb62@gigasciencejournal.com,,EBI,true
63,test+gigadb63@gigasciencejournal.com,5a4f75053077a32e681f81daa8792f95,test,gigadb63,sustc,user,t,t,f,,,,,test+gigadb63@gigasciencejournal.com,,EBI,true
64,test+gigadb64@gigasciencejournal.com,5a4f75053077a32e681f81daa8792f95,test,gigadb64,"National Museum of Natural History, Sofia, Bulgaria",user,t,t,f,,,,,test+gigadb64@gigasciencejournal.com,,EBI,true
65,test+gigadb65@gigasciencejournal.com,5a4f75053077a32e681f81daa8792f95,test,gigadb65,BPRC,user,f,t,f,,,,,test+gigadb65@gigasciencejournal.com,,EBI,true
66,test+gigadb66@gigasciencejournal.com,5a4f75053077a32e681f81daa8792f95,test,gigadb66,ERDC,user,t,t,f,,,,,test+gigadb66@gigasciencejournal.com,,EBI,true
67,test+gigadb67@gigasciencejournal.com,5a4f75053077a32e681f81daa8792f95,test,gigadb67,EL,user,f,t,f,,,,,test+gigadb67@gigasciencejournal.com,,EBI,true
68,test+gigadb68@gigasciencejournal.com,5a4f75053077a32e681f81daa8792f95,test,gigadb68,samsung genome institute,user,f,t,f,,,,,test+gigadb68@gigasciencejournal.com,,EBI,true
69,test+gigadb69@gigasciencejournal.com,5a4f75053077a32e681f81daa8792f95,test,gigadb69,samsung genome institute,user,f,t,f,,,,,test+gigadb69@gigasciencejournal.com,,EBI,true
70,test+gigadb70@gigasciencejournal.com,5a4f75053077a32e681f81daa8792f95,test,gigadb70,BPRC,user,f,t,f,,,,,test+gigadb70@gigasciencejournal.com,,EBI,true
71,test+gigadb71@gigasciencejournal.com,5a4f75053077a32e681f81daa8792f95,test,gigadb71,China Agricultural University,user,t,t,f,,,,,test+gigadb71@gigasciencejournal.com,,EBI,true
72,test+gigadb72@gigasciencejournal.com,5a4f75053077a32e681f81daa8792f95,test,gigadb72,GBPUAT Pantnagar,user,f,t,f,,,,,test+gigadb72@gigasciencejournal.com,,EBI,true
73,test+gigadb73@gigasciencejournal.com,5a4f75053077a32e681f81daa8792f95,test,gigadb73,Dalhousie University,user,f,t,f,,,,,test+gigadb73@gigasciencejournal.com,,EBI,true
74,test+gigadb74@gigasciencejournal.com,5a4f75053077a32e681f81daa8792f95,test,gigadb74,BGI Shenzhen,"",f,t,f,,,,,test+gigadb74@gigasciencejournal.com,,EBI,true
75,test+gigadb75@gigasciencejournal.com,5a4f75053077a32e681f81daa8792f95,test,gigadb75,UKM,user,f,f,t,,,,,test+gigadb75@gigasciencejournal.com,,EBI,true
76,test+gigadb76@gigasciencejournal.com,5a4f75053077a32e681f81daa8792f95,test,gigadb76,MNHN Paris,user,t,t,f,,,,,test+gigadb76@gigasciencejournal.com,,EBI,true
77,test+gigadb77@gigasciencejournal.com,5a4f75053077a32e681f81daa8792f95,test,gigadb77,NEERI,user,f,f,t,,,,,test+gigadb77@gigasciencejournal.com,,EBI,true
78,test+gigadb78@gigasciencejournal.com,5a4f75053077a32e681f81daa8792f95,test,gigadb78,pup patiala,user,f,t,f,,,,,test+gigadb78@gigasciencejournal.com,,EBI,true
79,test+gigadb79@gigasciencejournal.com,5a4f75053077a32e681f81daa8792f95,test,gigadb79,University of Bremen,user,t,f,t,,,,,test+gigadb79@gigasciencejournal.com,,EBI,true
80,test+gigadb80@gigasciencejournal.com,5a4f75053077a32e681f81daa8792f95,test,gigadb80,SBC,user,t,t,f,,,,,test+gigadb80@gigasciencejournal.com,,EBI,true
81,test+gigadb81@gigasciencejournal.com,5a4f75053077a32e681f81daa8792f95,test,gigadb81,Independent,user,t,f,t,,,,,test+gigadb81@gigasciencejournal.com,,EBI,true
82,test+gigadb82@gigasciencejournal.com,5a4f75053077a32e681f81daa8792f95,test,gigadb82,BPRC,user,f,t,f,,,,,test+gigadb82@gigasciencejournal.com,,EBI,true
83,test+gigadb83@gigasciencejournal.com,5a4f75053077a32e681f81daa8792f95,test,gigadb83,BGI-Shenzhen,"",f,t,f,,,,,test+gigadb83@gigasciencejournal.com,,EBI,true
84,test+gigadb84@gigasciencejournal.com,5a4f75053077a32e681f81daa8792f95,test,gigadb84,Fishery college of Jimei University,user,f,t,f,,,,,test+gigadb84@gigasciencejournal.com,,EBI,true
85,test+gigadb85@gigasciencejournal.com,5a4f75053077a32e681f81daa8792f95,test,gigadb85,Fishery College of Jimei University,user,f,t,f,,,,,test+gigadb85@gigasciencejournal.com,,EBI,true
86,test+gigadb86@gigasciencejournal.com,5a4f75053077a32e681f81daa8792f95,test,gigadb86,asia,user,f,t,f,,,,,test+gigadb86@gigasciencejournal.com,,EBI,true
87,test+gigadb87@gigasciencejournal.com,5a4f75053077a32e681f81daa8792f95,test,gigadb87,123456789,user,f,t,f,,,,,test+gigadb87@gigasciencejournal.com,,EBI,true
88,test+gigadb88@gigasciencejournal.com,5a4f75053077a32e681f81daa8792f95,test,gigadb88,asia,user,f,t,f,,,,,test+gigadb88@gigasciencejournal.com,,EBI,true
89,test+gigadb89@gigasciencejournal.com,5a4f75053077a32e681f81daa8792f95,test,gigadb89,asia,user,f,t,f,,,,,test+gigadb89@gigasciencejournal.com,,EBI,true
90,test+gigadb90@gigasciencejournal.com,5a4f75053077a32e681f81daa8792f95,test,gigadb90,nasacai,user,f,t,f,,,,,test+gigadb90@gigasciencejournal.com,,EBI,true
91,test+gigadb91@gigasciencejournal.com,5a4f75053077a32e681f81daa8792f95,test,gigadb91,BGI,user,f,f,t,,,,,test+gigadb91@gigasciencejournal.com,,EBI,true
92,test+gigadb92@gigasciencejournal.com,5a4f75053077a32e681f81daa8792f95,test,gigadb92,HKBU,user,t,t,f,,,,,test+gigadb92@gigasciencejournal.com,,EBI,true
93,test+gigadb93@gigasciencejournal.com,5a4f75053077a32e681f81daa8792f95,test,gigadb93,Penn State,user,f,t,f,,,,,test+gigadb93@gigasciencejournal.com,,EBI,true
94,test+gigadb94@gigasciencejournal.com,5a4f75053077a32e681f81daa8792f95,test,gigadb94,HKBU,user,f,f,t,,,,,test+gigadb94@gigasciencejournal.com,,EBI,true
95,test+gigadb95@gigasciencejournal.com,5a4f75053077a32e681f81daa8792f95,test,gigadb95,Genome Institute of Singapore,user,t,f,t,,,,,test+gigadb95@gigasciencejournal.com,,EBI,true
102,test+gigadb102@gigasciencejournal.com,5a4f75053077a32e681f81daa8792f95,test,gigadb102,Knight-lab colorado,"",f,t,f,,,,,test+gigadb102@gigasciencejournal.com,,EBI,true
103,test+gigadb103@gigasciencejournal.com,5a4f75053077a32e681f81daa8792f95,test,gigadb103,"Vancouver Prostate Centre, UBC",user,t,f,t,,,,,test+gigadb103@gigasciencejournal.com,,EBI,true
105,test+gigadb105@gigasciencejournal.com,5a4f75053077a32e681f81daa8792f95,test,gigadb105,University of Southern California,user,f,t,f,,,,,test+gigadb105@gigasciencejournal.com,,EBI,true
106,test+gigadb106@gigasciencejournal.com,5a4f75053077a32e681f81daa8792f95,test,gigadb106,The Scripps Research Institute,user,t,f,t,,,,,test+gigadb106@gigasciencejournal.com,,EBI,true
107,test+gigadb107@gigasciencejournal.com,5a4f75053077a32e681f81daa8792f95,test,gigadb107,FNL,user,t,t,f,,,,,test+gigadb107@gigasciencejournal.com,,EBI,true
108,test+gigadb108@gigasciencejournal.com,5a4f75053077a32e681f81daa8792f95,test,gigadb108,CUHK,user,t,t,f,,,,,test+gigadb108@gigasciencejournal.com,,EBI,true
109,test+gigadb109@gigasciencejournal.com,5a4f75053077a32e681f81daa8792f95,test,gigadb109,Australian Museum,user,t,t,f,,,,,test+gigadb109@gigasciencejournal.com,,EBI,true
110,test+gigadb110@gigasciencejournal.com,5a4f75053077a32e681f81daa8792f95,test,gigadb110,University of Texas at Arlington,user,f,f,t,,,,,test+gigadb110@gigasciencejournal.com,,EBI,true
111,test+gigadb111@gigasciencejournal.com,5a4f75053077a32e681f81daa8792f95,test,gigadb111,BGI-shenzhen,"",f,t,f,,,,,test+gigadb111@gigasciencejournal.com,,EBI,true
112,test+gigadb112@gigasciencejournal.com,5a4f75053077a32e681f81daa8792f95,test,gigadb112,BGI-shenzhen,"",f,t,f,,,,,test+gigadb112@gigasciencejournal.com,,EBI,true
113,test+gigadb113@gigasciencejournal.com,5a4f75053077a32e681f81daa8792f95,test,gigadb113,"","",f,f,f,,,,,test+gigadb113@gigasciencejournal.com,,EBI,true
114,test+gigadb114@gigasciencejournal.com,5a4f75053077a32e681f81daa8792f95,test,gigadb114,DKP Genomics,user,t,t,f,,,,,test+gigadb114@gigasciencejournal.com,,EBI,true
115,test+gigadb115@gigasciencejournal.com,5a4f75053077a32e681f81daa8792f95,test,gigadb115,China National GeneBank,"",f,t,f,,,,,test+gigadb115@gigasciencejournal.com,,EBI,true
116,test+gigadb116@gigasciencejournal.com,5a4f75053077a32e681f81daa8792f95,test,gigadb116,University of Texas at Arlington,user,t,f,t,,,,,test+gigadb116@gigasciencejournal.com,,EBI,true
118,test+gigadb118@gigasciencejournal.com,5a4f75053077a32e681f81daa8792f95,test,gigadb118,John Innes Centre,user,f,t,f,,,,,test+gigadb118@gigasciencejournal.com,,EBI,true
119,test+gigadb119@gigasciencejournal.com,5a4f75053077a32e681f81daa8792f95,test,gigadb119,Northwest A&F University,user,t,t,f,,,,,test+gigadb119@gigasciencejournal.com,,EBI,true
120,test+gigadb120@gigasciencejournal.com,5a4f75053077a32e681f81daa8792f95,test,gigadb120,Cold Spring Harbor Laboratory,user,t,f,t,,,,,test+gigadb120@gigasciencejournal.com,,EBI,true
121,test+gigadb121@gigasciencejournal.com,5a4f75053077a32e681f81daa8792f95,test,gigadb121,Mr,user,t,t,f,,,,,test+gigadb121@gigasciencejournal.com,,EBI,true
122,rob@gigasciencejournal.com,e11aaac0066ea392aaa02bccf81d6a67,Rob,Davidson,GigaScience,user,t,t,f,,,,,rob@gigasciencejournal.com,,EBI,true
123,test+gigadb123@gigasciencejournal.com,5a4f75053077a32e681f81daa8792f95,test,gigadb123,huaqiao university,user,t,t,f,,,,,test+gigadb123@gigasciencejournal.com,,EBI,true
124,test+gigadb124@gigasciencejournal.com,5a4f75053077a32e681f81daa8792f95,test,gigadb124,North Carolina State University,user,f,f,t,,,,,test+gigadb124@gigasciencejournal.com,,EBI,true
125,test+gigadb125@gigasciencejournal.com,5a4f75053077a32e681f81daa8792f95,test,gigadb125,OIST,user,t,f,t,,,,,test+gigadb125@gigasciencejournal.com,,EBI,true
126,test+gigadb126@gigasciencejournal.com,5a4f75053077a32e681f81daa8792f95,test,gigadb126,University of Cambridge,user,f,f,t,,,,,test+gigadb126@gigasciencejournal.com,,EBI,true
127,test+gigadb127@gigasciencejournal.com,5a4f75053077a32e681f81daa8792f95,test,gigadb127,Peking University,user,t,t,f,,,,,test+gigadb127@gigasciencejournal.com,,EBI,true
128,test+gigadb128@gigasciencejournal.com,5a4f75053077a32e681f81daa8792f95,test,gigadb128,University of Milano,"",f,t,f,,,,,test+gigadb128@gigasciencejournal.com,,EBI,true
129,test+gigadb129@gigasciencejournal.com,5a4f75053077a32e681f81daa8792f95,test,gigadb129,Ph.D. student,user,f,f,t,,,,,test+gigadb129@gigasciencejournal.com,,EBI,true
130,test+gigadb130@gigasciencejournal.com,5a4f75053077a32e681f81daa8792f95,test,gigadb130,Ph.D. student,user,t,f,t,,,,,test+gigadb130@gigasciencejournal.com,,EBI,true
131,test+gigadb131@gigasciencejournal.com,5a4f75053077a32e681f81daa8792f95,test,gigadb131,asfaer,user,f,f,t,,,,,test+gigadb131@gigasciencejournal.com,,EBI,true
132,test+gigadb132@gigasciencejournal.com,5a4f75053077a32e681f81daa8792f95,test,gigadb132,Center for Research and Technology Hellas,user,t,t,f,,,,,test+gigadb132@gigasciencejournal.com,,EBI,true
133,test+gigadb133@gigasciencejournal.com,5a4f75053077a32e681f81daa8792f95,test,gigadb133,Harvard University,user,t,f,t,,,,,test+gigadb133@gigasciencejournal.com,,EBI,true
134,test+gigadb134@gigasciencejournal.com,5a4f75053077a32e681f81daa8792f95,test,gigadb134,Rice University,"",f,t,f,,,,,test+gigadb134@gigasciencejournal.com,,EBI,true
135,test+gigadb135@gigasciencejournal.com,5a4f75053077a32e681f81daa8792f95,test,gigadb135,Colorado State University,user,t,f,t,,,,,test+gigadb135@gigasciencejournal.com,,EBI,true
139,test+gigadb139@gigasciencejournal.com,5a4f75053077a32e681f81daa8792f95,test,gigadb139,Nankai University,user,t,f,t,,,,,test+gigadb139@gigasciencejournal.com,,EBI,true
140,test+gigadb140@gigasciencejournal.com,5a4f75053077a32e681f81daa8792f95,test,gigadb140,analysist,user,t,t,f,,,,,test+gigadb140@gigasciencejournal.com,,EBI,true
141,test+gigadb141@gigasciencejournal.com,5a4f75053077a32e681f81daa8792f95,test,gigadb141,fudan univer,user,t,t,f,,,,,test+gigadb141@gigasciencejournal.com,,EBI,true
142,test+gigadb142@gigasciencejournal.com,5a4f75053077a32e681f81daa8792f95,test,gigadb142,CAS,user,t,t,f,,,,,test+gigadb142@gigasciencejournal.com,,EBI,true
143,test+gigadb143@gigasciencejournal.com,5a4f75053077a32e681f81daa8792f95,test,gigadb143,CAS,user,f,t,f,,,,,test+gigadb143@gigasciencejournal.com,,EBI,true
144,test+gigadb144@gigasciencejournal.com,5a4f75053077a32e681f81daa8792f95,test,gigadb144,nudt,user,f,t,f,,,,,test+gigadb144@gigasciencejournal.com,,EBI,true
145,test+gigadb145@gigasciencejournal.com,5a4f75053077a32e681f81daa8792f95,test,gigadb145,Shanghai Jiao Tong University,user,t,f,t,,,,,test+gigadb145@gigasciencejournal.com,,EBI,true
146,test+gigadb146@gigasciencejournal.com,5a4f75053077a32e681f81daa8792f95,test,gigadb146,GuangZhou meedical university,user,t,t,f,,,,,test+gigadb146@gigasciencejournal.com,,EBI,true
147,test+gigadb147@gigasciencejournal.com,5a4f75053077a32e681f81daa8792f95,test,gigadb147,China Agricultural University,user,t,t,f,,,,,test+gigadb147@gigasciencejournal.com,,EBI,true
148,test+gigadb148@gigasciencejournal.com,5a4f75053077a32e681f81daa8792f95,test,gigadb148,China Agricultural University,user,f,t,f,,,,,test+gigadb148@gigasciencejournal.com,,EBI,true
149,test+gigadb149@gigasciencejournal.com,5a4f75053077a32e681f81daa8792f95,test,gigadb149,Harvard University,user,f,f,t,,,,,test+gigadb149@gigasciencejournal.com,,EBI,true
150,test+gigadb150@gigasciencejournal.com,5a4f75053077a32e681f81daa8792f95,test,gigadb150,Harvard University,user,t,t,f,,,,,test+gigadb150@gigasciencejournal.com,,EBI,true
151,test+gigadb151@gigasciencejournal.com,5a4f75053077a32e681f81daa8792f95,test,gigadb151,Harvard University,user,t,t,f,,,,,test+gigadb151@gigasciencejournal.com,,EBI,true
152,test+gigadb152@gigasciencejournal.com,5a4f75053077a32e681f81daa8792f95,test,gigadb152,Nankai University,user,t,f,t,,,,,test+gigadb152@gigasciencejournal.com,,EBI,true
153,test+gigadb153@gigasciencejournal.com,5a4f75053077a32e681f81daa8792f95,test,gigadb153,"IRRI (International Rice Research Institute, DAPO 7777, Metro Manila 1301, Philippines)","",f,t,f,,,,,test+gigadb153@gigasciencejournal.com,,EBI,true
154,test+gigadb154@gigasciencejournal.com,5a4f75053077a32e681f81daa8792f95,test,gigadb154,IPS University of Bern,user,f,f,t,,,,,test+gigadb154@gigasciencejournal.com,,EBI,true
155,test+gigadb155@gigasciencejournal.com,5a4f75053077a32e681f81daa8792f95,test,gigadb155,IPS University of Bern,user,t,f,t,,,,,test+gigadb155@gigasciencejournal.com,,EBI,true
156,test+gigadb156@gigasciencejournal.com,5a4f75053077a32e681f81daa8792f95,test,gigadb156,University of Oradea,user,f,t,f,,,,,test+gigadb156@gigasciencejournal.com,,EBI,true
157,test+gigadb157@gigasciencejournal.com,5a4f75053077a32e681f81daa8792f95,test,gigadb157,National Institutes of Health,user,t,f,t,,,,,test+gigadb157@gigasciencejournal.com,,EBI,true
158,test+gigadb158@gigasciencejournal.com,5a4f75053077a32e681f81daa8792f95,test,gigadb158,home user,user,f,t,f,,,,,test+gigadb158@gigasciencejournal.com,,EBI,true
159,test+gigadb159@gigasciencejournal.com,5a4f75053077a32e681f81daa8792f95,test,gigadb159,non affiliated,user,f,t,f,,,,,test+gigadb159@gigasciencejournal.com,,EBI,true
160,test+gigadb160@gigasciencejournal.com,5a4f75053077a32e681f81daa8792f95,test,gigadb160,"The Genome Institute
Washington University School of Medicine,true
4444 Forest Park Blvd.
St Louis, MO 63108","",f,t,f,,,,,test+gigadb160@gigasciencejournal.com,,EBI,true
161,test+gigadb161@gigasciencejournal.com,5a4f75053077a32e681f81daa8792f95,test,gigadb161,Medimmune,user,f,t,f,,,,,test+gigadb161@gigasciencejournal.com,,EBI,true
162,test+gigadb162@gigasciencejournal.com,5a4f75053077a32e681f81daa8792f95,test,gigadb162,Medimmune,user,f,t,f,,,,,test+gigadb162@gigasciencejournal.com,,EBI,true
163,test+gigadb163@gigasciencejournal.com,5a4f75053077a32e681f81daa8792f95,test,gigadb163,National Institutes of Health,user,t,f,t,,,,,test+gigadb163@gigasciencejournal.com,,EBI,true
164,test+gigadb164@gigasciencejournal.com,5a4f75053077a32e681f81daa8792f95,test,gigadb164,Dobzhansky Center for Genome Bioinformatics,user,t,t,f,,,,,test+gigadb164@gigasciencejournal.com,,EBI,true
165,test+gigadb165@gigasciencejournal.com,5a4f75053077a32e681f81daa8792f95,test,gigadb165,SVU TPT,user,f,t,f,,,,,test+gigadb165@gigasciencejournal.com,,EBI,true
166,test+gigadb166@gigasciencejournal.com,5a4f75053077a32e681f81daa8792f95,test,gigadb166,"Edinburgh Genomics, University of Edinburgh, Easter Bush, UK, EH25 9RG","",f,t,f,,,,,test+gigadb166@gigasciencejournal.com,,EBI,true
167,test+gigadb167@gigasciencejournal.com,5a4f75053077a32e681f81daa8792f95,test,gigadb167,Macquarie University,user,t,f,t,,,,,test+gigadb167@gigasciencejournal.com,,EBI,true
168,test+gigadb168@gigasciencejournal.com,5a4f75053077a32e681f81daa8792f95,test,gigadb168,BGI,"",f,t,f,,,,,test+gigadb168@gigasciencejournal.com,,EBI,true
169,test+gigadb169@gigasciencejournal.com,5a4f75053077a32e681f81daa8792f95,test,gigadb169,TheragenEtex,user,t,t,f,,,,,test+gigadb169@gigasciencejournal.com,,EBI,true
170,test+gigadb170@gigasciencejournal.com,5a4f75053077a32e681f81daa8792f95,test,gigadb170,"Directorate of Rice Research, Hyderabad, India",user,t,t,f,,,,,test+gigadb170@gigasciencejournal.com,,EBI,true
171,test+gigadb171@gigasciencejournal.com,5a4f75053077a32e681f81daa8792f95,test,gigadb171,NAIST,user,f,t,f,,,,,test+gigadb171@gigasciencejournal.com,,EBI,true
172,test+gigadb172@gigasciencejournal.com,5a4f75053077a32e681f81daa8792f95,test,gigadb172,University of Aberdeen (Scotland),user,f,t,f,,,,,test+gigadb172@gigasciencejournal.com,,EBI,true
173,test+gigadb173@gigasciencejournal.com,5a4f75053077a32e681f81daa8792f95,test,gigadb173,Northwest A&F university,user,f,t,f,,,,,test+gigadb173@gigasciencejournal.com,,EBI,true
174,test+gigadb174@gigasciencejournal.com,5a4f75053077a32e681f81daa8792f95,test,gigadb174,CAIQ,user,f,t,f,,,,,test+gigadb174@gigasciencejournal.com,,EBI,true
175,test+gigadb175@gigasciencejournal.com,5a4f75053077a32e681f81daa8792f95,test,gigadb175,International Rice Research Institute,user,t,t,f,,,,,test+gigadb175@gigasciencejournal.com,,EBI,true
176,test+gigadb176@gigasciencejournal.com,5a4f75053077a32e681f81daa8792f95,test,gigadb176,University of Copenhagen,user,f,f,t,,,,,test+gigadb176@gigasciencejournal.com,,EBI,true
177,test+gigadb177@gigasciencejournal.com,5a4f75053077a32e681f81daa8792f95,test,gigadb177,wuhan,user,f,t,f,,,,,test+gigadb177@gigasciencejournal.com,,EBI,true
178,test+gigadb178@gigasciencejournal.com,5a4f75053077a32e681f81daa8792f95,test,gigadb178,damquang_hieu@yahoo.com,user,t,t,f,,,,,test+gigadb178@gigasciencejournal.com,,EBI,true
179,test+gigadb179@gigasciencejournal.com,5a4f75053077a32e681f81daa8792f95,test,gigadb179,Dr,user,f,t,f,,,,,test+gigadb179@gigasciencejournal.com,,EBI,true
180,test+gigadb180@gigasciencejournal.com,5a4f75053077a32e681f81daa8792f95,test,gigadb180,CUHK,user,f,t,f,,,,,test+gigadb180@gigasciencejournal.com,,EBI,true
181,test+gigadb181@gigasciencejournal.com,5a4f75053077a32e681f81daa8792f95,test,gigadb181,Rasi Seeds (P) Ltd,user,t,t,f,,,,,test+gigadb181@gigasciencejournal.com,,EBI,true
182,test+gigadb182@gigasciencejournal.com,5a4f75053077a32e681f81daa8792f95,test,gigadb182,Science,user,f,t,f,,,,,test+gigadb182@gigasciencejournal.com,,EBI,true
183,test+gigadb183@gigasciencejournal.com,5a4f75053077a32e681f81daa8792f95,test,gigadb183,"Theodosius Dobzhansky Center for Genome Bioinformatics, St. Petersburg
State University, 199004, St. Petersburg, Russia.","",f,t,f,,,,,test+gigadb183@gigasciencejournal.com,,EBI,true
184,test+gigadb184@gigasciencejournal.com,5a4f75053077a32e681f81daa8792f95,test,gigadb184,Field Crop Research Institute,user,f,f,t,,,,,test+gigadb184@gigasciencejournal.com,,EBI,true
185,test+gigadb185@gigasciencejournal.com,5a4f75053077a32e681f81daa8792f95,test,gigadb185,UNBC,user,f,t,f,,,,,test+gigadb185@gigasciencejournal.com,,EBI,true
186,test+gigadb186@gigasciencejournal.com,5a4f75053077a32e681f81daa8792f95,test,gigadb186,Academia sinica,user,f,t,f,,,,,test+gigadb186@gigasciencejournal.com,,EBI,true
187,test+gigadb187@gigasciencejournal.com,5a4f75053077a32e681f81daa8792f95,test,gigadb187,Duke University,user,f,f,t,,,,,test+gigadb187@gigasciencejournal.com,,EBI,true
188,test+gigadb188@gigasciencejournal.com,5a4f75053077a32e681f81daa8792f95,test,gigadb188,Duke University,user,t,f,t,,,,,test+gigadb188@gigasciencejournal.com,,EBI,true
189,test+gigadb189@gigasciencejournal.com,5a4f75053077a32e681f81daa8792f95,test,gigadb189,RASI SEEDS P LTD,user,f,f,t,,,,,test+gigadb189@gigasciencejournal.com,,EBI,true
190,test+gigadb190@gigasciencejournal.com,5a4f75053077a32e681f81daa8792f95,test,gigadb190,Rice Research,user,t,t,f,,,,,test+gigadb190@gigasciencejournal.com,,EBI,true
191,test+gigadb191@gigasciencejournal.com,5a4f75053077a32e681f81daa8792f95,test,gigadb191,"Institute of Crop Science, Chinese Academy of Agricultural S",user,t,t,f,,,,,test+gigadb191@gigasciencejournal.com,,EBI,true
192,test+gigadb192@gigasciencejournal.com,5a4f75053077a32e681f81daa8792f95,test,gigadb192,GUCAS,user,t,f,t,,,,,test+gigadb192@gigasciencejournal.com,,EBI,true
193,test+gigadb193@gigasciencejournal.com,5a4f75053077a32e681f81daa8792f95,test,gigadb193,China Agricultural University,user,t,t,f,,,,,test+gigadb193@gigasciencejournal.com,,EBI,true
194,test+gigadb194@gigasciencejournal.com,5a4f75053077a32e681f81daa8792f95,test,gigadb194,kasstsart university,user,t,t,f,,,,,test+gigadb194@gigasciencejournal.com,,EBI,true
195,test+gigadb195@gigasciencejournal.com,5a4f75053077a32e681f81daa8792f95,test,gigadb195,NHS,user,f,t,f,,,,,test+gigadb195@gigasciencejournal.com,,EBI,true
196,test+gigadb196@gigasciencejournal.com,5a4f75053077a32e681f81daa8792f95,test,gigadb196,"Food Crops Research Institute,Hubei Academy of Agricultural ",user,t,t,f,,,,,test+gigadb196@gigasciencejournal.com,,EBI,true
197,test+gigadb197@gigasciencejournal.com,5a4f75053077a32e681f81daa8792f95,test,gigadb197,NA,user,t,t,f,,,,,test+gigadb197@gigasciencejournal.com,,EBI,true
198,test+gigadb198@gigasciencejournal.com,5a4f75053077a32e681f81daa8792f95,test,gigadb198,genetics,user,t,t,f,,,,,test+gigadb198@gigasciencejournal.com,,EBI,true
199,test+gigadb199@gigasciencejournal.com,5a4f75053077a32e681f81daa8792f95,test,gigadb199,im,user,f,t,f,,,,,test+gigadb199@gigasciencejournal.com,,EBI,true
201,test+gigadb201@gigasciencejournal.com,5a4f75053077a32e681f81daa8792f95,test,gigadb201,Iowa State University,user,f,f,t,,,,,test+gigadb201@gigasciencejournal.com,,EBI,true
202,test+gigadb202@gigasciencejournal.com,5a4f75053077a32e681f81daa8792f95,test,gigadb202,Iowa State University,user,f,f,t,,,,,test+gigadb202@gigasciencejournal.com,,EBI,true
203,test+gigadb203@gigasciencejournal.com,5a4f75053077a32e681f81daa8792f95,test,gigadb203,zhiyuanji@gmail.com,user,f,t,f,,,,,test+gigadb203@gigasciencejournal.com,,EBI,true
204,test+gigadb204@gigasciencejournal.com,5a4f75053077a32e681f81daa8792f95,test,gigadb204,South China Agriculture University,user,f,t,f,,,,,test+gigadb204@gigasciencejournal.com,,EBI,true
205,test+gigadb205@gigasciencejournal.com,5a4f75053077a32e681f81daa8792f95,test,gigadb205,"institute of botany, cas",user,t,t,f,,,,,test+gigadb205@gigasciencejournal.com,,EBI,true
206,test+gigadb206@gigasciencejournal.com,5a4f75053077a32e681f81daa8792f95,test,gigadb206,Indiaana University at Bloomington,user,f,t,f,,,,,test+gigadb206@gigasciencejournal.com,,EBI,true
207,test+gigadb207@gigasciencejournal.com,5a4f75053077a32e681f81daa8792f95,test,gigadb207,univ,user,f,t,f,,,,,test+gigadb207@gigasciencejournal.com,,EBI,true
208,test+gigadb208@gigasciencejournal.com,5a4f75053077a32e681f81daa8792f95,test,gigadb208,Oregon State University,user,t,t,f,,,,,test+gigadb208@gigasciencejournal.com,,EBI,true
209,test+gigadb209@gigasciencejournal.com,5a4f75053077a32e681f81daa8792f95,test,gigadb209,SciGenom Labs,user,t,t,f,,,,,test+gigadb209@gigasciencejournal.com,,EBI,true
210,test+gigadb210@gigasciencejournal.com,5a4f75053077a32e681f81daa8792f95,test,gigadb210,University of Northern British Columbia,user,t,f,t,,,,,test+gigadb210@gigasciencejournal.com,,EBI,true
213,test+gigadb213@gigasciencejournal.com,5a4f75053077a32e681f81daa8792f95,test,gigadb213,"Institute of Plant and Microbial Biology, Academia Sinica",user,t,f,t,,,,,test+gigadb213@gigasciencejournal.com,,EBI,true
214,test+gigadb214@gigasciencejournal.com,5a4f75053077a32e681f81daa8792f95,test,gigadb214,BGI,user,f,t,f,,,,,test+gigadb214@gigasciencejournal.com,,EBI,true
215,test+gigadb215@gigasciencejournal.com,5a4f75053077a32e681f81daa8792f95,test,gigadb215,Karolinska Institutet,user,t,f,t,,,,,test+gigadb215@gigasciencejournal.com,,EBI,true
216,test+gigadb216@gigasciencejournal.com,5a4f75053077a32e681f81daa8792f95,test,gigadb216,UNBC,user,f,f,t,,,,,test+gigadb216@gigasciencejournal.com,,EBI,true
219,test+gigadb219@gigasciencejournal.com,5a4f75053077a32e681f81daa8792f95,test,gigadb219,BGI,user,t,t,f,,,,,test+gigadb219@gigasciencejournal.com,,EBI,true
220,test+gigadb220@gigasciencejournal.com,5a4f75053077a32e681f81daa8792f95,test,gigadb220,BGI,user,t,t,f,,,,,test+gigadb220@gigasciencejournal.com,,EBI,true
221,test+gigadb221@gigasciencejournal.com,5a4f75053077a32e681f81daa8792f95,test,gigadb221,Imperial College London,user,t,f,t,,,,,test+gigadb221@gigasciencejournal.com,,EBI,true
222,test+gigadb222@gigasciencejournal.com,5a4f75053077a32e681f81daa8792f95,test,gigadb222,Huaqiao university,user,t,t,f,,,,,test+gigadb222@gigasciencejournal.com,,EBI,true
223,test+gigadb223@gigasciencejournal.com,5a4f75053077a32e681f81daa8792f95,test,gigadb223,"Ubon Ratchathani Rice Research Center, Muang, Ubon, Thailand",user,t,t,f,,,,,test+gigadb223@gigasciencejournal.com,,EBI,true
224,test+gigadb224@gigasciencejournal.com,5a4f75053077a32e681f81daa8792f95,test,gigadb224,Los Alamos National Laboratory,user,t,t,f,,,,,test+gigadb224@gigasciencejournal.com,,EBI,true
225,test+gigadb225@gigasciencejournal.com,5a4f75053077a32e681f81daa8792f95,test,gigadb225,University of Otago,user,t,f,t,,,,,test+gigadb225@gigasciencejournal.com,,EBI,true
226,test+gigadb226@gigasciencejournal.com,5a4f75053077a32e681f81daa8792f95,test,gigadb226,"Institute of Plant and Microbial Biology, Academia Sinica","",f,t,f,,,,,test+gigadb226@gigasciencejournal.com,,EBI,true
227,test+gigadb227@gigasciencejournal.com,5a4f75053077a32e681f81daa8792f95,test,gigadb227,BGI-ShenZhen,user,t,t,f,,,,,test+gigadb227@gigasciencejournal.com,,EBI,true
228,test+gigadb228@gigasciencejournal.com,5a4f75053077a32e681f81daa8792f95,test,gigadb228,University of Nebraska Medical Center,user,t,t,f,,,,,test+gigadb228@gigasciencejournal.com,,EBI,true
229,test+gigadb229@gigasciencejournal.com,5a4f75053077a32e681f81daa8792f95,test,gigadb229,University of Copenhagen,user,t,t,f,,,,,test+gigadb229@gigasciencejournal.com,,EBI,true
230,test+gigadb230@gigasciencejournal.com,5a4f75053077a32e681f81daa8792f95,test,gigadb230,Kunming Institute of Zoolo,user,t,t,f,,,,,test+gigadb230@gigasciencejournal.com,,EBI,true
231,test+gigadb231@gigasciencejournal.com,5a4f75053077a32e681f81daa8792f95,test,gigadb231,AstraZeneca,user,t,f,t,,,,,test+gigadb231@gigasciencejournal.com,,EBI,true
232,test+gigadb232@gigasciencejournal.com,5a4f75053077a32e681f81daa8792f95,test,gigadb232,Sanofi,user,t,t,f,,,,,test+gigadb232@gigasciencejournal.com,,EBI,true
233,test+gigadb233@gigasciencejournal.com,5a4f75053077a32e681f81daa8792f95,test,gigadb233,University of Toronto,user,t,f,t,,,,,test+gigadb233@gigasciencejournal.com,,EBI,true
234,test+gigadb234@gigasciencejournal.com,5a4f75053077a32e681f81daa8792f95,test,gigadb234,Northwest A&F University,user,t,t,f,,,,,test+gigadb234@gigasciencejournal.com,,EBI,true
235,test+gigadb235@gigasciencejournal.com,5a4f75053077a32e681f81daa8792f95,test,gigadb235,UC Berkeley,user,t,t,f,,,,,test+gigadb235@gigasciencejournal.com,,EBI,true
236,test+gigadb236@gigasciencejournal.com,5a4f75053077a32e681f81daa8792f95,test,gigadb236,IIIT,user,t,t,f,,,,,test+gigadb236@gigasciencejournal.com,,EBI,true
237,test+gigadb237@gigasciencejournal.com,5a4f75053077a32e681f81daa8792f95,test,gigadb237,retired/part-time consultant,user,t,t,f,,,,,test+gigadb237@gigasciencejournal.com,,EBI,true
238,test+gigadb238@gigasciencejournal.com,5a4f75053077a32e681f81daa8792f95,test,gigadb238,University of Alberta,user,t,t,f,,,,,test+gigadb238@gigasciencejournal.com,,EBI,true
239,test+gigadb239@gigasciencejournal.com,5a4f75053077a32e681f81daa8792f95,test,gigadb239,"Beijing Institute of Life Science, CAS",user,t,t,f,,,,,test+gigadb239@gigasciencejournal.com,,EBI,true
240,test+gigadb240@gigasciencejournal.com,5a4f75053077a32e681f81daa8792f95,test,gigadb240,Huazhong Agricultural University,user,t,t,f,,,,,test+gigadb240@gigasciencejournal.com,,EBI,true
241,test+gigadb241@gigasciencejournal.com,5a4f75053077a32e681f81daa8792f95,test,gigadb241,Graduate student in Shanghai Jiaotong University,user,t,t,f,,,,,test+gigadb241@gigasciencejournal.com,,EBI,true
242,test+gigadb242@gigasciencejournal.com,5a4f75053077a32e681f81daa8792f95,test,gigadb242,"Birmingham University, UK","",f,t,f,,,,,test+gigadb242@gigasciencejournal.com,,EBI,true
243,test+gigadb243@gigasciencejournal.com,5a4f75053077a32e681f81daa8792f95,test,gigadb243,hxc1990924@gmail.com,user,t,t,f,,,,,test+gigadb243@gigasciencejournal.com,,EBI,true
244,test+gigadb244@gigasciencejournal.com,5a4f75053077a32e681f81daa8792f95,test,gigadb244,Heidelberg Institute for Theoretical Studies,user,t,f,t,,,,,test+gigadb244@gigasciencejournal.com,,EBI,true
245,test+gigadb245@gigasciencejournal.com,5a4f75053077a32e681f81daa8792f95,test,gigadb245,jlu,user,t,t,f,,,,,test+gigadb245@gigasciencejournal.com,,EBI,true
246,test+gigadb246@gigasciencejournal.com,5a4f75053077a32e681f81daa8792f95,test,gigadb246,"Biotechnology Research Center, Shanxi Academy of Agricultura",user,t,t,f,,,,,test+gigadb246@gigasciencejournal.com,,EBI,true
247,test+gigadb247@gigasciencejournal.com,5a4f75053077a32e681f81daa8792f95,test,gigadb247,Public Health England,user,t,t,f,,,,,test+gigadb247@gigasciencejournal.com,,EBI,true
248,test+gigadb248@gigasciencejournal.com,5a4f75053077a32e681f81daa8792f95,test,gigadb248,BGI-shenzhen,"",f,t,f,,,,,test+gigadb248@gigasciencejournal.com,,EBI,true
249,test+gigadb249@gigasciencejournal.com,5a4f75053077a32e681f81daa8792f95,test,gigadb249,vkdk,user,t,t,f,,,,,test+gigadb249@gigasciencejournal.com,,EBI,true
250,test+gigadb250@gigasciencejournal.com,5a4f75053077a32e681f81daa8792f95,test,gigadb250,Ziegler Biosolutions,"",f,t,f,,,,,test+gigadb250@gigasciencejournal.com,,EBI,true
251,test+gigadb251@gigasciencejournal.com,5a4f75053077a32e681f81daa8792f95,test,gigadb251,"Biomedical Imaging Technologies, ETSI Telecomunicaci_on, Universidad Polit_ecnica de Madrid, Avenida
Complutense 30, 28040 Madrid, Spain","",f,t,f,,,,,test+gigadb251@gigasciencejournal.com,,EBI,true
252,test+gigadb252@gigasciencejournal.com,5a4f75053077a32e681f81daa8792f95,test,gigadb252,"Biological Defense Research Directorate, Naval Medical Research Center-Frederick, 8400 
Research Plaza, Fort Detrick, MD 21702","",f,t,f,,,,,test+gigadb252@gigasciencejournal.com,,EBI,true
253,test+gigadb253@gigasciencejournal.com,5a4f75053077a32e681f81daa8792f95,test,gigadb253,147,user,t,t,f,,,,,test+gigadb253@gigasciencejournal.com,,EBI,true
254,test+gigadb254@gigasciencejournal.com,5a4f75053077a32e681f81daa8792f95,test,gigadb254,"Theodosius Dobzhansky Center for Genome Bioinformatics, St. Petersburg State 
University, St. Petersburg 199004, Russia","",f,t,f,,,,,test+gigadb254@gigasciencejournal.com,,EBI,true
255,test+gigadb255@gigasciencejournal.com,5a4f75053077a32e681f81daa8792f95,test,gigadb255,Texas Tech University,user,t,f,t,,,,,test+gigadb255@gigasciencejournal.com,,EBI,true
256,test+gigadb256@gigasciencejournal.com,5a4f75053077a32e681f81daa8792f95,test,gigadb256,SKLSGB,user,t,t,f,,,,,test+gigadb256@gigasciencejournal.com,,EBI,true
257,test+gigadb257@gigasciencejournal.com,5a4f75053077a32e681f81daa8792f95,test,gigadb257,partners.org,"",f,t,f,,,,,test+gigadb257@gigasciencejournal.com,,EBI,true
258,test+gigadb258@gigasciencejournal.com,5a4f75053077a32e681f81daa8792f95,test,gigadb258,"NIAS, JAPAN",user,t,t,f,,,,,test+gigadb258@gigasciencejournal.com,,EBI,true
259,test+gigadb259@gigasciencejournal.com,5a4f75053077a32e681f81daa8792f95,test,gigadb259,"Department of Computer Science
and Engineering, University of
West Bohemia, Univerzitn´ı 8,
Plzeˇn, Czech Republic","",f,t,f,,,,,test+gigadb259@gigasciencejournal.com,,EBI,true
260,test+gigadb260@gigasciencejournal.com,5a4f75053077a32e681f81daa8792f95,test,gigadb260,PSG college of technology,user,f,t,f,,,,,test+gigadb260@gigasciencejournal.com,,EBI,true
261,test+gigadb261@gigasciencejournal.com,5a4f75053077a32e681f81daa8792f95,test,gigadb261,"","",f,t,f,,,,,test+gigadb261@gigasciencejournal.com,,EBI,true
262,test+gigadb262@gigasciencejournal.com,5a4f75053077a32e681f81daa8792f95,test,gigadb262,Jilin University,user,t,t,f,,,,,test+gigadb262@gigasciencejournal.com,,EBI,true
263,test+gigadb263@gigasciencejournal.com,5a4f75053077a32e681f81daa8792f95,test,gigadb263,indian institute of chemical biology,user,t,t,f,,,,,test+gigadb263@gigasciencejournal.com,,EBI,true
264,test+gigadb264@gigasciencejournal.com,5a4f75053077a32e681f81daa8792f95,test,gigadb264,INERA (Institute of Environment and Agricultural Research),user,t,f,t,,,,,test+gigadb264@gigasciencejournal.com,,EBI,true
265,test+gigadb265@gigasciencejournal.com,5a4f75053077a32e681f81daa8792f95,test,gigadb265,CITIC Xiangya Hospital,user,t,f,t,,,,,test+gigadb265@gigasciencejournal.com,,EBI,true
266,test+gigadb266@gigasciencejournal.com,5a4f75053077a32e681f81daa8792f95,test,gigadb266,nothing,user,t,f,t,,,,,test+gigadb266@gigasciencejournal.com,,EBI,true
267,test+gigadb267@gigasciencejournal.com,5a4f75053077a32e681f81daa8792f95,test,gigadb267,University of Cape Town,user,t,t,f,,,,,test+gigadb267@gigasciencejournal.com,,EBI,true
268,test+gigadb268@gigasciencejournal.com,5a4f75053077a32e681f81daa8792f95,test,gigadb268,152,user,t,t,f,,,,,test+gigadb268@gigasciencejournal.com,,EBI,true
269,test+gigadb269@gigasciencejournal.com,5a4f75053077a32e681f81daa8792f95,test,gigadb269,UFSC,user,t,f,t,,,,,test+gigadb269@gigasciencejournal.com,,EBI,true
270,test+gigadb270@gigasciencejournal.com,5a4f75053077a32e681f81daa8792f95,test,gigadb270,"The Huck Institutes of the Life Sciences and the Department of Biochemistry and Molecular Biology, Pennsylvania State University, University Park, Pennsylvania 16802, USA","",f,t,f,,,,,test+gigadb270@gigasciencejournal.com,,EBI,true
271,test+gigadb271@gigasciencejournal.com,5a4f75053077a32e681f81daa8792f95,test,gigadb271,University of Auckland,user,t,f,t,,,,,test+gigadb271@gigasciencejournal.com,,EBI,true
272,test+gigadb272@gigasciencejournal.com,5a4f75053077a32e681f81daa8792f95,test,gigadb272,BGI,user,t,f,t,,,,,test+gigadb272@gigasciencejournal.com,,EBI,true
273,test+gigadb273@gigasciencejournal.com,5a4f75053077a32e681f81daa8792f95,test,gigadb273,IRRI,user,t,t,f,,,,,test+gigadb273@gigasciencejournal.com,,EBI,true
274,test+gigadb274@gigasciencejournal.com,5a4f75053077a32e681f81daa8792f95,test,gigadb274,OSD,user,t,t,f,,,,,test+gigadb274@gigasciencejournal.com,,EBI,true
275,test+gigadb275@gigasciencejournal.com,5a4f75053077a32e681f81daa8792f95,test,gigadb275,company,user,t,t,f,,,,,test+gigadb275@gigasciencejournal.com,,EBI,true
276,test+gigadb276@gigasciencejournal.com,5a4f75053077a32e681f81daa8792f95,test,gigadb276,BGI Shenzhen,"",f,t,f,,,,,test+gigadb276@gigasciencejournal.com,,EBI,true
277,test+gigadb277@gigasciencejournal.com,5a4f75053077a32e681f81daa8792f95,test,gigadb277,dupont,user,t,t,f,,,,,test+gigadb277@gigasciencejournal.com,,EBI,true
278,test+gigadb278@gigasciencejournal.com,5a4f75053077a32e681f81daa8792f95,test,gigadb278,"ARO, Israel",user,t,t,f,,,,,test+gigadb278@gigasciencejournal.com,,EBI,true
279,test+gigadb279@gigasciencejournal.com,5a4f75053077a32e681f81daa8792f95,test,gigadb279,University of Canberra,user,t,t,f,,,,,test+gigadb279@gigasciencejournal.com,,EBI,true
280,test+gigadb280@gigasciencejournal.com,5a4f75053077a32e681f81daa8792f95,test,gigadb280,NYU medical center,user,t,t,f,,,,,test+gigadb280@gigasciencejournal.com,,EBI,true
281,test+gigadb281@gigasciencejournal.com,5a4f75053077a32e681f81daa8792f95,test,gigadb281,iupui,user,f,t,f,,,,,test+gigadb281@gigasciencejournal.com,,EBI,true
282,test+gigadb282@gigasciencejournal.com,5a4f75053077a32e681f81daa8792f95,test,gigadb282,iupui,user,t,t,f,,,,,test+gigadb282@gigasciencejournal.com,,EBI,true
283,test+gigadb283@gigasciencejournal.com,5a4f75053077a32e681f81daa8792f95,test,gigadb283,CSHL,user,t,t,f,,,,,test+gigadb283@gigasciencejournal.com,,EBI,true
284,test+gigadb284@gigasciencejournal.com,5a4f75053077a32e681f81daa8792f95,test,gigadb284,Kobe university,user,t,f,t,,,,,test+gigadb284@gigasciencejournal.com,,EBI,true
285,test+gigadb285@gigasciencejournal.com,5a4f75053077a32e681f81daa8792f95,test,gigadb285,University of Michigan,user,t,t,f,,,,,test+gigadb285@gigasciencejournal.com,,EBI,true
286,test+gigadb286@gigasciencejournal.com,5a4f75053077a32e681f81daa8792f95,test,gigadb286,None,user,t,t,f,,,,,test+gigadb286@gigasciencejournal.com,,EBI,true
287,test+gigadb287@gigasciencejournal.com,5a4f75053077a32e681f81daa8792f95,test,gigadb287,University of Auckland,user,t,f,t,,,,,test+gigadb287@gigasciencejournal.com,,EBI,true
288,test+gigadb288@gigasciencejournal.com,5a4f75053077a32e681f81daa8792f95,test,gigadb288,ICRR of IAARD,user,t,t,f,,,,,test+gigadb288@gigasciencejournal.com,,EBI,true
289,test+gigadb289@gigasciencejournal.com,5a4f75053077a32e681f81daa8792f95,test,gigadb289,BMGF,user,t,t,f,,,,,test+gigadb289@gigasciencejournal.com,,EBI,true
290,test+gigadb290@gigasciencejournal.com,5a4f75053077a32e681f81daa8792f95,test,gigadb290,nanyan@ksu.edu,user,t,f,t,,,,,test+gigadb290@gigasciencejournal.com,,EBI,true
291,test+gigadb291@gigasciencejournal.com,5a4f75053077a32e681f81daa8792f95,test,gigadb291,investigator,user,t,t,f,,,,,test+gigadb291@gigasciencejournal.com,,EBI,true
292,test+gigadb292@gigasciencejournal.com,5a4f75053077a32e681f81daa8792f95,test,gigadb292,University of South Australia,user,t,t,f,,,,,test+gigadb292@gigasciencejournal.com,,EBI,true
293,test+gigadb293@gigasciencejournal.com,5a4f75053077a32e681f81daa8792f95,test,gigadb293,NTNU,user,t,f,t,,,,,test+gigadb293@gigasciencejournal.com,,EBI,true
294,test+gigadb294@gigasciencejournal.com,5a4f75053077a32e681f81daa8792f95,test,gigadb294,HKBU,user,f,f,t,,,,,test+gigadb294@gigasciencejournal.com,,EBI,true
295,test+gigadb295@gigasciencejournal.com,5a4f75053077a32e681f81daa8792f95,test,gigadb295,BGI,user,t,t,f,,,,,test+gigadb295@gigasciencejournal.com,,EBI,true
296,test+gigadb296@gigasciencejournal.com,5a4f75053077a32e681f81daa8792f95,test,gigadb296,rlibs.org,user,f,t,f,,,,,test+gigadb296@gigasciencejournal.com,,EBI,true
297,test+gigadb297@gigasciencejournal.com,5a4f75053077a32e681f81daa8792f95,test,gigadb297,Polyor SARL,user,t,t,f,,,,,test+gigadb297@gigasciencejournal.com,,EBI,true
298,test+gigadb298@gigasciencejournal.com,5a4f75053077a32e681f81daa8792f95,test,gigadb298,BDH,user,t,t,f,,,,,test+gigadb298@gigasciencejournal.com,,EBI,true
299,test+gigadb299@gigasciencejournal.com,5a4f75053077a32e681f81daa8792f95,test,gigadb299,aliraza_8815@yhaoo.com,user,t,t,f,,,,,test+gigadb299@gigasciencejournal.com,,EBI,true
300,test+gigadb300@gigasciencejournal.com,5a4f75053077a32e681f81daa8792f95,test,gigadb300,University of Linköping,user,t,f,t,,,,,test+gigadb300@gigasciencejournal.com,,EBI,true
301,test+gigadb301@gigasciencejournal.com,5a4f75053077a32e681f81daa8792f95,test,gigadb301,university of potsdam,user,t,f,t,,,,,test+gigadb301@gigasciencejournal.com,,EBI,true
302,test+gigadb302@gigasciencejournal.com,5a4f75053077a32e681f81daa8792f95,test,gigadb302,"Cancer and Disease Epigenetics Research Group, Murdoch Childrens Research Institute, Royal Children’s Hospital, Flemington Road, 3052 Parkville, Victoria, Australia","",f,t,f,,,,,test+gigadb302@gigasciencejournal.com,,EBI,true
303,test+gigadb303@gigasciencejournal.com,5a4f75053077a32e681f81daa8792f95,test,gigadb303,"University of North Bengal, WB, India",user,t,t,f,,,,,test+gigadb303@gigasciencejournal.com,,EBI,true
304,test+gigadb304@gigasciencejournal.com,5a4f75053077a32e681f81daa8792f95,test,gigadb304,"Department of Bioinformatics and Genomics, University of North Carolina at Charlotte, North Carolina Research Campus, Kannapolis, NC 28081","",f,t,f,,,,,test+gigadb304@gigasciencejournal.com,,EBI,true
305,test+gigadb305@gigasciencejournal.com,5a4f75053077a32e681f81daa8792f95,test,gigadb305,"Department of Cell Biology, UT Southwestern Medical Center, Dallas, TX 75024, USA.","",f,t,f,,,,,test+gigadb305@gigasciencejournal.com,,EBI,true
306,test+gigadb306@gigasciencejournal.com,5a4f75053077a32e681f81daa8792f95,test,gigadb306,Xi'an Jiaotong University,user,t,t,f,,,,,test+gigadb306@gigasciencejournal.com,,EBI,true
307,test+gigadb307@gigasciencejournal.com,5a4f75053077a32e681f81daa8792f95,test,gigadb307,Xi'an Jiaotong University,user,f,t,f,,,,,test+gigadb307@gigasciencejournal.com,,EBI,true
308,test+gigadb308@gigasciencejournal.com,5a4f75053077a32e681f81daa8792f95,test,gigadb308,CG,"",f,t,f,,,,,test+gigadb308@gigasciencejournal.com,,EBI,true
309,test+gigadb309@gigasciencejournal.com,5a4f75053077a32e681f81daa8792f95,test,gigadb309,Hunter College,user,t,t,f,,,,,test+gigadb309@gigasciencejournal.com,,EBI,true
310,test+gigadb310@gigasciencejournal.com,5a4f75053077a32e681f81daa8792f95,test,gigadb310,University of Ottawa,user,t,t,f,,,,,test+gigadb310@gigasciencejournal.com,,EBI,true
311,test+gigadb311@gigasciencejournal.com,5a4f75053077a32e681f81daa8792f95,test,gigadb311,BGI,user,t,t,f,,,,,test+gigadb311@gigasciencejournal.com,,EBI,true
312,test+gigadb312@gigasciencejournal.com,5a4f75053077a32e681f81daa8792f95,test,gigadb312,UC Berkeley,user,t,t,f,,,,,test+gigadb312@gigasciencejournal.com,,EBI,true
313,test+gigadb313@gigasciencejournal.com,5a4f75053077a32e681f81daa8792f95,test,gigadb313,China National GeneBank,"",f,t,f,,,,,test+gigadb313@gigasciencejournal.com,,EBI,true
314,test+gigadb314@gigasciencejournal.com,5a4f75053077a32e681f81daa8792f95,test,gigadb314,EMBL,user,t,t,f,,,,,test+gigadb314@gigasciencejournal.com,,EBI,true
315,test+gigadb315@gigasciencejournal.com,5a4f75053077a32e681f81daa8792f95,test,gigadb315,Uppsala University,user,t,t,f,,,,,test+gigadb315@gigasciencejournal.com,,EBI,true
316,test+gigadb316@gigasciencejournal.com,5a4f75053077a32e681f81daa8792f95,test,gigadb316,.,user,t,t,f,,,,,test+gigadb316@gigasciencejournal.com,,EBI,true
317,test+gigadb317@gigasciencejournal.com,5a4f75053077a32e681f81daa8792f95,test,gigadb317,dkfz,user,t,f,t,,,,,test+gigadb317@gigasciencejournal.com,,EBI,true
318,test+gigadb318@gigasciencejournal.com,5a4f75053077a32e681f81daa8792f95,test,gigadb318,Cornell University,user,t,t,f,,,,,test+gigadb318@gigasciencejournal.com,,EBI,true
319,test+gigadb319@gigasciencejournal.com,5a4f75053077a32e681f81daa8792f95,test,gigadb319,"UC Santa Cruz Genomics Institute, 1156 High Street, 95064 Santa Cruz, USA","",f,t,f,,,,,test+gigadb319@gigasciencejournal.com,,EBI,true
320,test+gigadb320@gigasciencejournal.com,5a4f75053077a32e681f81daa8792f95,test,gigadb320,UCSF,user,t,f,t,,,,,test+gigadb320@gigasciencejournal.com,,EBI,true
321,test+gigadb321@gigasciencejournal.com,5a4f75053077a32e681f81daa8792f95,test,gigadb321,USDA/ARS,user,t,t,f,,,,,test+gigadb321@gigasciencejournal.com,,EBI,true
322,test+gigadb322@gigasciencejournal.com,5a4f75053077a32e681f81daa8792f95,test,gigadb322,IAB UAF,user,t,t,f,,,,,test+gigadb322@gigasciencejournal.com,,EBI,true
323,test+gigadb323@gigasciencejournal.com,5a4f75053077a32e681f81daa8792f95,test,gigadb323,"BioSciences Division, BioDefense Branch, Edgewood Chemical Biological Center, Aberdeen Proving Ground, MD 21010","",f,t,f,,,,,test+gigadb323@gigasciencejournal.com,,EBI,true
324,test+gigadb324@gigasciencejournal.com,5a4f75053077a32e681f81daa8792f95,test,gigadb324,"Tropical Crop and Commodity Protection Research Unit, Pacific Basin Agricultural Research Center, USDA Agricultural Research Services, Hilo, HI, USA","",f,t,f,,,,,test+gigadb324@gigasciencejournal.com,,EBI,true
325,test+gigadb325@gigasciencejournal.com,5a4f75053077a32e681f81daa8792f95,test,gigadb325,Fondazione Pisana per la Scienza onlus,user,t,t,f,,,,,test+gigadb325@gigasciencejournal.com,,EBI,true
326,test+gigadb326@gigasciencejournal.com,5a4f75053077a32e681f81daa8792f95,test,gigadb326,"Department of Pathology, Kanazawa Medical University, Japan","",f,t,f,,,,,test+gigadb326@gigasciencejournal.com,,EBI,true
327,test+gigadb327@gigasciencejournal.com,5a4f75053077a32e681f81daa8792f95,test,gigadb327,Institute of chemical biology and fundamental medicine,user,t,f,t,,,,,test+gigadb327@gigasciencejournal.com,,EBI,true
328,test+gigadb328@gigasciencejournal.com,5a4f75053077a32e681f81daa8792f95,test,gigadb328,Simon Fraser unviersity,user,t,t,f,,,,,test+gigadb328@gigasciencejournal.com,,EBI,true
329,test+gigadb329@gigasciencejournal.com,5a4f75053077a32e681f81daa8792f95,test,gigadb329,"BGI-Shenzhen, China","",f,t,f,,,,,test+gigadb329@gigasciencejournal.com,,EBI,true
330,test+gigadb330@gigasciencejournal.com,5a4f75053077a32e681f81daa8792f95,test,gigadb330,researchscholar,user,t,t,f,,,,,test+gigadb330@gigasciencejournal.com,,EBI,true
331,test+gigadb331@gigasciencejournal.com,5a4f75053077a32e681f81daa8792f95,test,gigadb331,BGI,"",f,t,f,,,,,test+gigadb331@gigasciencejournal.com,,EBI,true
332,test+gigadb332@gigasciencejournal.com,5a4f75053077a32e681f81daa8792f95,test,gigadb332,Cogini,admin,f,f,t,,,,,test+gigadb332@gigasciencejournal.com,,EBI,true
333,test+gigadb333@gigasciencejournal.com,5a4f75053077a32e681f81daa8792f95,test,gigadb333,"BGI-Tech, BGI-shenzhen, CHINA","",f,t,f,,,,,test+gigadb333@gigasciencejournal.com,,EBI,true
334,test+gigadb334@gigasciencejournal.com,5a4f75053077a32e681f81daa8792f95,test,gigadb334,"Department of Integrative Biology, Michigan State University, MI 48824, USA","",f,t,f,"","","","",test+gigadb334@gigasciencejournal.com,,EBI,true
335,test+gigadb335@gigasciencejournal.com,5a4f75053077a32e681f81daa8792f95,test,gigadb335,"INRA, Campus Beaulieu, 35042 Rennes, France","",f,t,f,,,,,test+gigadb335@gigasciencejournal.com,,EBI,true
336,test+gigadb336@gigasciencejournal.com,5a4f75053077a32e681f81daa8792f95,test,gigadb336,"Department of Computer Science, Royal Holloway, University of London, Egham, TW20 0EX, UK","",f,t,f,,,,,test+gigadb336@gigasciencejournal.com,,EBI,true
337,test+gigadb337@gigasciencejournal.com,5a4f75053077a32e681f81daa8792f95,test,gigadb337,"Information and Computational Sciences, James Hutton Institute, Invergowrie, Dundee DD2 5DA, Scotland, UK","",f,t,f,,,,,test+gigadb337@gigasciencejournal.com,,EBI,true
338,test+gigadb338@gigasciencejournal.com,5a4f75053077a32e681f81daa8792f95,test,gigadb338,BGI,"",f,t,f,,,,,test+gigadb338@gigasciencejournal.com,,EBI,true
339,scott@gigasciencejournal.com,0927befab471b8f77ce414a6e9ec0736,Scott,Edmunds,BGI,admin,t,t,f,,,,,scott@gigasciencejournal.com,,EBI,true
340,laurie@gigasciencejournal.com,6a919977db3f15e5d62876033e1153bf,Laurie,Goodman,BGI,admin,t,t,f,,,,,laurie@gigasciencejournal.com,,EBI,true
341,test+gigadb341@gigasciencejournal.com,5a4f75053077a32e681f81daa8792f95,test,gigadb341,"CeBiTec, Center for Biotechnology, Bielefeld University, D-33594 Bielefeld","",f,t,f,,,,,test+gigadb341@gigasciencejournal.com,,EBI,true
342,test+gigadb342@gigasciencejournal.com,5a4f75053077a32e681f81daa8792f95,test,gigadb342,abc,user,f,f,t,,,,,test+gigadb342@gigasciencejournal.com,,EBI,true
343,test+gigadb343@gigasciencejournal.com,5a4f75053077a32e681f81daa8792f95,test,gigadb343,abc,user,f,f,t,,,,,test+gigadb343@gigasciencejournal.com,,EBI,true
344,test+gigadb344@gigasciencejournal.com,5a4f75053077a32e681f81daa8792f95,test,gigadb344,Chalmers University of Technology,"",f,t,f,,,,,test+gigadb344@gigasciencejournal.com,,EBI,true
345,test+gigadb345@gigasciencejournal.com,5a4f75053077a32e681f81daa8792f95,test,gigadb345,BGI-Shenzhen,user,t,t,f,,,,,test+gigadb345@gigasciencejournal.com,,EBI,true
346,test+gigadb346@gigasciencejournal.com,5a4f75053077a32e681f81daa8792f95,test,gigadb346,"BC Cancer Agency, Vancouver British Columbia, V5Z4S6, Canada","",f,t,f,,,,,test+gigadb346@gigasciencejournal.com,,EBI,true
347,test+gigadb347@gigasciencejournal.com,5a4f75053077a32e681f81daa8792f95,test,gigadb347,"Department of Physics and Astronomy, Michigan State University, 567 Wilson Road, 48824 East Lansing, MI, USA","",f,t,f,,,,,test+gigadb347@gigasciencejournal.com,,EBI,true
348,test+gigadb348@gigasciencejournal.com,5a4f75053077a32e681f81daa8792f95,test,gigadb348,BGI,user,f,t,f,,,,,test+gigadb348@gigasciencejournal.com,,EBI,true
349,test+gigadb349@gigasciencejournal.com,5a4f75053077a32e681f81daa8792f95,test,gigadb349,Colorado State University,"",f,t,f,,,,,test+gigadb349@gigasciencejournal.com,,EBI,true
350,test+gigadb350@gigasciencejournal.com,5a4f75053077a32e681f81daa8792f95,test,gigadb350,"Department of Computer Sciences, Purdue University, West Lafayette, IN 47907, USA","",f,t,f,,,,,test+gigadb350@gigasciencejournal.com,,EBI,true
351,test+gigadb351@gigasciencejournal.com,5a4f75053077a32e681f81daa8792f95,test,gigadb351,University of Alberta,user,t,f,t,,,,,test+gigadb351@gigasciencejournal.com,,EBI,true
352,test+gigadb352@gigasciencejournal.com,5a4f75053077a32e681f81daa8792f95,test,gigadb352,"Laboratory of Experimental Immunology, National Cancer Institute, Frederick, MD, USA","",f,t,f,,,,,test+gigadb352@gigasciencejournal.com,,EBI,true
353,test+gigadb353@gigasciencejournal.com,5a4f75053077a32e681f81daa8792f95,test,gigadb353,"University of Illinois at Chicago, Bioengineering Department, Chicago, IL 60607","",f,t,f,,,,,test+gigadb353@gigasciencejournal.com,,EBI,true
354,test+gigadb354@gigasciencejournal.com,5a4f75053077a32e681f81daa8792f95,test,gigadb354,"Institute for Applied Ecology, University of Canberra, ACT 2601 Australia","",f,t,f,,,,,test+gigadb354@gigasciencejournal.com,,EBI,true
355,test+gigadb355@gigasciencejournal.com,5a4f75053077a32e681f81daa8792f95,test,gigadb355,BGI,user,f,t,f,,,,,test+gigadb355@gigasciencejournal.com,,EBI,true
356,test+gigadb356@gigasciencejournal.com,5a4f75053077a32e681f81daa8792f95,test,gigadb356,BGI,user,f,t,f,,,,,test+gigadb356@gigasciencejournal.com,,EBI,true
357,test+gigadb357@gigasciencejournal.com,5a4f75053077a32e681f81daa8792f95,test,gigadb357,BGI,user,t,f,t,,,,,test+gigadb357@gigasciencejournal.com,,EBI,true
358,test+gigadb358@gigasciencejournal.com,5a4f75053077a32e681f81daa8792f95,test,gigadb358,"Johns Hopkins University School of Medicine, 21205, Baltimore, USA","",f,t,f,,,,,test+gigadb358@gigasciencejournal.com,,EBI,true
359,test+gigadb359@gigasciencejournal.com,5a4f75053077a32e681f81daa8792f95,test,gigadb359,"Tibet Agricultural Research Institute, Tibet","",f,t,f,,,,,test+gigadb359@gigasciencejournal.com,,EBI,true
360,test+gigadb360@gigasciencejournal.com,5a4f75053077a32e681f81daa8792f95,test,gigadb360,student,user,t,t,f,,,,,test+gigadb360@gigasciencejournal.com,,EBI,true
361,test+gigadb361@gigasciencejournal.com,5a4f75053077a32e681f81daa8792f95,test,gigadb361,vanderbilt university,user,t,f,t,,,,,test+gigadb361@gigasciencejournal.com,,EBI,true
362,test+gigadb362@gigasciencejournal.com,5a4f75053077a32e681f81daa8792f95,test,gigadb362,University of Vienna,user,t,f,t,,,,,test+gigadb362@gigasciencejournal.com,,EBI,true
363,test+gigadb363@gigasciencejournal.com,5a4f75053077a32e681f81daa8792f95,test,gigadb363,LASIR LIlle1,user,t,t,f,,,,,test+gigadb363@gigasciencejournal.com,,EBI,true
364,test+gigadb364@gigasciencejournal.com,5a4f75053077a32e681f81daa8792f95,test,gigadb364,University of New Mexico,user,t,f,t,,,,,test+gigadb364@gigasciencejournal.com,,EBI,true
365,test+gigadb365@gigasciencejournal.com,5a4f75053077a32e681f81daa8792f95,test,gigadb365,"Ceres, Inc.",user,t,f,t,,,,,test+gigadb365@gigasciencejournal.com,,EBI,true
366,test+gigadb366@gigasciencejournal.com,5a4f75053077a32e681f81daa8792f95,test,gigadb366,CUNY Kingsborough,user,t,t,f,,,,,test+gigadb366@gigasciencejournal.com,,EBI,true
367,test+gigadb367@gigasciencejournal.com,5a4f75053077a32e681f81daa8792f95,test,gigadb367,BMC,user,t,t,f,,,,,test+gigadb367@gigasciencejournal.com,,EBI,true
368,test+gigadb368@gigasciencejournal.com,5a4f75053077a32e681f81daa8792f95,test,gigadb368,Springer,user,f,t,f,,,,,test+gigadb368@gigasciencejournal.com,,EBI,true
369,test+gigadb369@gigasciencejournal.com,5a4f75053077a32e681f81daa8792f95,test,gigadb369,CSC - IT Center for Science Ltd.,user,f,f,t,,,,,test+gigadb369@gigasciencejournal.com,,EBI,true
370,test+gigadb370@gigasciencejournal.com,5a4f75053077a32e681f81daa8792f95,test,gigadb370,Plant breeding,user,t,t,f,,,,,test+gigadb370@gigasciencejournal.com,,EBI,true
371,test+gigadb371@gigasciencejournal.com,5a4f75053077a32e681f81daa8792f95,test,gigadb371,BGI,user,f,t,f,,,,,test+gigadb371@gigasciencejournal.com,,EBI,true
372,test+gigadb372@gigasciencejournal.com,5a4f75053077a32e681f81daa8792f95,test,gigadb372,BGI,user,t,t,f,,,,,test+gigadb372@gigasciencejournal.com,,EBI,true
373,test+gigadb373@gigasciencejournal.com,5a4f75053077a32e681f81daa8792f95,test,gigadb373,CSIR-Open Source Drug Discovery,user,t,t,f,,,,,test+gigadb373@gigasciencejournal.com,,EBI,true
374,test+gigadb374@gigasciencejournal.com,5a4f75053077a32e681f81daa8792f95,test,gigadb374,Japan Science and Technology Agency,user,t,t,f,,,,,test+gigadb374@gigasciencejournal.com,,EBI,true
375,test+gigadb375@gigasciencejournal.com,5a4f75053077a32e681f81daa8792f95,test,gigadb375,biotechnology,user,t,f,t,,,,,test+gigadb375@gigasciencejournal.com,,EBI,true
376,test+gigadb376@gigasciencejournal.com,5a4f75053077a32e681f81daa8792f95,test,gigadb376,PhD,user,t,t,f,,,,,test+gigadb376@gigasciencejournal.com,,EBI,true
377,test+gigadb377@gigasciencejournal.com,5a4f75053077a32e681f81daa8792f95,test,gigadb377,Argonne National Labs,user,t,f,t,,,,,test+gigadb377@gigasciencejournal.com,,EBI,true
378,test+gigadb378@gigasciencejournal.com,5a4f75053077a32e681f81daa8792f95,test,gigadb378,alibaba research center for complexity ,user,t,t,f,,,,,test+gigadb378@gigasciencejournal.com,,EBI,true
379,test+gigadb379@gigasciencejournal.com,5a4f75053077a32e681f81daa8792f95,test,gigadb379,VIB Plant Systems Biology,user,t,f,t,,,,,test+gigadb379@gigasciencejournal.com,,EBI,true
380,test+gigadb380@gigasciencejournal.com,5a4f75053077a32e681f81daa8792f95,test,gigadb380,D D U Gorakhpur University,user,t,t,f,,,,,test+gigadb380@gigasciencejournal.com,,EBI,true
381,test+gigadb381@gigasciencejournal.com,5a4f75053077a32e681f81daa8792f95,test,gigadb381,"Critical care medicine, Samsung medical center, Seoul, Korea",user,t,t,f,,,,,test+gigadb381@gigasciencejournal.com,,EBI,true
382,test+gigadb382@gigasciencejournal.com,5a4f75053077a32e681f81daa8792f95,test,gigadb382,University of Canterbury,user,f,t,f,,,,,test+gigadb382@gigasciencejournal.com,,EBI,true
383,test+gigadb383@gigasciencejournal.com,5a4f75053077a32e681f81daa8792f95,test,gigadb383,1913,user,t,t,f,,,,,test+gigadb383@gigasciencejournal.com,,EBI,true
384,test+gigadb384@gigasciencejournal.com,5a4f75053077a32e681f81daa8792f95,test,gigadb384,"Institute of Environmental Sciences, Jagiellonian University",user,t,f,t,,,,,test+gigadb384@gigasciencejournal.com,,EBI,true
385,test+gigadb385@gigasciencejournal.com,5a4f75053077a32e681f81daa8792f95,test,gigadb385,German Cancer research centre,user,t,f,t,,,,,test+gigadb385@gigasciencejournal.com,,EBI,true
386,test+gigadb386@gigasciencejournal.com,5a4f75053077a32e681f81daa8792f95,test,gigadb386,The Mind Research Network,user,f,f,t,,,,,test+gigadb386@gigasciencejournal.com,,EBI,true
387,test+gigadb387@gigasciencejournal.com,5a4f75053077a32e681f81daa8792f95,test,gigadb387,UNAM,user,f,f,t,,,,,test+gigadb387@gigasciencejournal.com,,EBI,true
388,test+gigadb388@gigasciencejournal.com,5a4f75053077a32e681f81daa8792f95,test,gigadb388,M.A.,user,t,t,f,,,,,test+gigadb388@gigasciencejournal.com,,EBI,true
389,test+gigadb389@gigasciencejournal.com,5a4f75053077a32e681f81daa8792f95,test,gigadb389,Universidad Austral de Chile,user,f,f,t,,,,,test+gigadb389@gigasciencejournal.com,,EBI,true
390,test+gigadb390@gigasciencejournal.com,5a4f75053077a32e681f81daa8792f95,test,gigadb390,National University of Sciences and Technology,user,t,f,t,,,,,test+gigadb390@gigasciencejournal.com,,EBI,true
392,test+gigadb392@gigasciencejournal.com,5a4f75053077a32e681f81daa8792f95,test,gigadb392,Mrs,user,t,t,f,,,,,test+gigadb392@gigasciencejournal.com,,EBI,true
393,test+gigadb393@gigasciencejournal.com,5a4f75053077a32e681f81daa8792f95,test,gigadb393,Mayo Clinic,user,f,t,f,,,,,test+gigadb393@gigasciencejournal.com,,EBI,true
394,test+gigadb394@gigasciencejournal.com,5a4f75053077a32e681f81daa8792f95,test,gigadb394,University of York,user,t,f,t,,,,,test+gigadb394@gigasciencejournal.com,,EBI,true
395,test+gigadb395@gigasciencejournal.com,5a4f75053077a32e681f81daa8792f95,test,gigadb395,NIMH,user,t,t,f,,,,,test+gigadb395@gigasciencejournal.com,,EBI,true
396,test+gigadb396@gigasciencejournal.com,5a4f75053077a32e681f81daa8792f95,test,gigadb396,ucsd,user,t,t,f,,,,,test+gigadb396@gigasciencejournal.com,,EBI,true
398,test+gigadb398@gigasciencejournal.com,5a4f75053077a32e681f81daa8792f95,test,gigadb398,National Taiwan University,user,t,f,t,,,,,test+gigadb398@gigasciencejournal.com,,EBI,true
399,test+gigadb399@gigasciencejournal.com,5a4f75053077a32e681f81daa8792f95,test,gigadb399,KAUST,user,t,f,t,,,,,test+gigadb399@gigasciencejournal.com,,EBI,true
400,test+gigadb400@gigasciencejournal.com,5a4f75053077a32e681f81daa8792f95,test,gigadb400,BGI,user,t,t,f,,,,,test+gigadb400@gigasciencejournal.com,,EBI,true
401,test+gigadb401@gigasciencejournal.com,5a4f75053077a32e681f81daa8792f95,test,gigadb401,INDEAR-CONICET,user,t,f,t,,,,,test+gigadb401@gigasciencejournal.com,,EBI,true
402,test+gigadb402@gigasciencejournal.com,5a4f75053077a32e681f81daa8792f95,test,gigadb402,NIH,user,t,f,t,,,,,test+gigadb402@gigasciencejournal.com,,EBI,true
403,test+gigadb403@gigasciencejournal.com,5a4f75053077a32e681f81daa8792f95,test,gigadb403,Curtin University,user,t,f,t,,,,,test+gigadb403@gigasciencejournal.com,,EBI,true
404,test+gigadb404@gigasciencejournal.com,5a4f75053077a32e681f81daa8792f95,test,gigadb404,BGI,user,t,t,f,,,,,test+gigadb404@gigasciencejournal.com,,EBI,true
405,test+gigadb405@gigasciencejournal.com,5a4f75053077a32e681f81daa8792f95,test,gigadb405,GigTest,user,t,t,f,,,,,test+gigadb405@gigasciencejournal.com,,EBI,true
406,test+gigadb406@gigasciencejournal.com,5a4f75053077a32e681f81daa8792f95,test,gigadb406,UQ,user,t,t,f,,,,,test+gigadb406@gigasciencejournal.com,,EBI,true
407,test+gigadb407@gigasciencejournal.com,5a4f75053077a32e681f81daa8792f95,test,gigadb407,yes,user,t,t,f,,,,,test+gigadb407@gigasciencejournal.com,,EBI,true
408,test+gigadb408@gigasciencejournal.com,5a4f75053077a32e681f81daa8792f95,test,gigadb408,University Paris 11,user,t,t,f,,,,,test+gigadb408@gigasciencejournal.com,,EBI,true
409,test+gigadb409@gigasciencejournal.com,5a4f75053077a32e681f81daa8792f95,test,gigadb409,University of Western Ontario,user,t,f,t,,,,,test+gigadb409@gigasciencejournal.com,,EBI,true
410,test+gigadb410@gigasciencejournal.com,5a4f75053077a32e681f81daa8792f95,test,gigadb410,Ferdowsi University of Mashhad,user,t,t,f,,,,,test+gigadb410@gigasciencejournal.com,,EBI,true
411,test+gigadb411@gigasciencejournal.com,5a4f75053077a32e681f81daa8792f95,test,gigadb411,Chinese Academy of Sciences,user,t,f,t,,,,,test+gigadb411@gigasciencejournal.com,,EBI,true
412,test+gigadb412@gigasciencejournal.com,5a4f75053077a32e681f81daa8792f95,test,gigadb412,banaanora@abc.hu,user,t,t,f,,,,,test+gigadb412@gigasciencejournal.com,,EBI,true
413,test+gigadb413@gigasciencejournal.com,5a4f75053077a32e681f81daa8792f95,test,gigadb413,USDA-ARS,user,t,t,f,,,,,test+gigadb413@gigasciencejournal.com,,EBI,true
414,test+gigadb414@gigasciencejournal.com,5a4f75053077a32e681f81daa8792f95,test,gigadb414,AUA,user,t,t,f,,,,,test+gigadb414@gigasciencejournal.com,,EBI,true
415,test+gigadb415@gigasciencejournal.com,5a4f75053077a32e681f81daa8792f95,test,gigadb415,Centro de Biolog��a Molecular,user,t,f,t,,,,,test+gigadb415@gigasciencejournal.com,,EBI,true
416,test+gigadb416@gigasciencejournal.com,5a4f75053077a32e681f81daa8792f95,test,gigadb416,BGI,user,t,t,f,,,,,test+gigadb416@gigasciencejournal.com,,EBI,true
417,test+gigadb417@gigasciencejournal.com,5a4f75053077a32e681f81daa8792f95,test,gigadb417,Arizona State University,user,t,f,t,,,,,test+gigadb417@gigasciencejournal.com,,EBI,true
418,test+gigadb418@gigasciencejournal.com,5a4f75053077a32e681f81daa8792f95,test,gigadb418,SP Pune University,user,f,t,f,,,,,test+gigadb418@gigasciencejournal.com,,EBI,true
419,test+gigadb419@gigasciencejournal.com,5a4f75053077a32e681f81daa8792f95,test,gigadb419,St Jude Children's Research Hospital,user,t,t,f,,,,,test+gigadb419@gigasciencejournal.com,,EBI,true
420,test+gigadb420@gigasciencejournal.com,5a4f75053077a32e681f81daa8792f95,test,gigadb420,Research,user,t,t,f,,,,,test+gigadb420@gigasciencejournal.com,,NCBI,true
421,test+gigadb421@gigasciencejournal.com,5a4f75053077a32e681f81daa8792f95,test,gigadb421,Instituto de Investigaciones Biomedicas CSIC-AUM,user,f,t,f,,,,,test+gigadb421@gigasciencejournal.com,,NCBI,true
422,test+gigadb422@gigasciencejournal.com,5a4f75053077a32e681f81daa8792f95,test,gigadb422,Columbia Biological Sciences,user,f,t,f,,,,,test+gigadb422@gigasciencejournal.com,,NCBI,true
423,test+gigadb423@gigasciencejournal.com,5a4f75053077a32e681f81daa8792f95,test,gigadb423,Columbia,user,f,f,t,,,,,test+gigadb423@gigasciencejournal.com,,NCBI,true
424,test+gigadb424@gigasciencejournal.com,5a4f75053077a32e681f81daa8792f95,test,gigadb424,Columbia,user,t,f,t,,,,,test+gigadb424@gigasciencejournal.com,,NCBI,true
425,test+gigadb425@gigasciencejournal.com,5a4f75053077a32e681f81daa8792f95,test,gigadb425,University of Southampton,user,f,f,t,,,,,test+gigadb425@gigasciencejournal.com,,EBI,true
426,test+gigadb426@gigasciencejournal.com,5a4f75053077a32e681f81daa8792f95,test,gigadb426,York University,user,t,f,t,,,,,test+gigadb426@gigasciencejournal.com,,EBI,true
427,test+gigadb427@gigasciencejournal.com,5a4f75053077a32e681f81daa8792f95,test,gigadb427,York University,user,t,f,t,,,,,test+gigadb427@gigasciencejournal.com,,EBI,true
428,test+gigadb428@gigasciencejournal.com,5a4f75053077a32e681f81daa8792f95,test,gigadb428,National University of Singapore,user,t,f,t,,,,,test+gigadb428@gigasciencejournal.com,,NCBI,true
429,test+gigadb429@gigasciencejournal.com,5a4f75053077a32e681f81daa8792f95,test,gigadb429,Science for life laboratory / Stockholm University,user,t,f,t,,,,,test+gigadb429@gigasciencejournal.com,,EBI,true
430,test+gigadb430@gigasciencejournal.com,5a4f75053077a32e681f81daa8792f95,test,gigadb430,BGI,user,t,t,f,,,,,test+gigadb430@gigasciencejournal.com,,EBI,true
431,test+gigadb431@gigasciencejournal.com,5a4f75053077a32e681f81daa8792f95,test,gigadb431,"Eurohelp Consulting, Maximo Aguirre 18, 48011 Bilbo, Spain","",f,t,f,,,,,test+gigadb431@gigasciencejournal.com,,EBI,true
432,test+gigadb432@gigasciencejournal.com,5a4f75053077a32e681f81daa8792f95,test,gigadb432,UCL,user,t,f,t,,,,,test+gigadb432@gigasciencejournal.com,,EBI,true
433,test+gigadb433@gigasciencejournal.com,5a4f75053077a32e681f81daa8792f95,test,gigadb433,"University of Tartu, Department of Bioinformatics, Riia 23, Tartu 51010, Estonia","",f,t,f,,,,,test+gigadb433@gigasciencejournal.com,,EBI,true
434,test+gigadb434@gigasciencejournal.com,5a4f75053077a32e681f81daa8792f95,test,gigadb434,Columbia University,user,t,t,f,,,,,test+gigadb434@gigasciencejournal.com,,NCBI,true
435,test+gigadb435@gigasciencejournal.com,5a4f75053077a32e681f81daa8792f95,test,gigadb435,"University of Melbourne, Australia","",f,t,f,,,,,test+gigadb435@gigasciencejournal.com,,EBI,true
436,test+gigadb436@gigasciencejournal.com,5a4f75053077a32e681f81daa8792f95,test,gigadb436,Oregon State University ,user,t,t,f,,,,,test+gigadb436@gigasciencejournal.com,,EBI,true
437,test+gigadb437@gigasciencejournal.com,5a4f75053077a32e681f81daa8792f95,test,gigadb437,UT Arlington - Undergraduate working on computational biolog,user,t,t,f,,,,,test+gigadb437@gigasciencejournal.com,,NCBI,true
438,test+gigadb438@gigasciencejournal.com,5a4f75053077a32e681f81daa8792f95,test,gigadb438,BRRI,user,t,t,f,,,,,test+gigadb438@gigasciencejournal.com,,EBI,true
439,test+gigadb439@gigasciencejournal.com,5a4f75053077a32e681f81daa8792f95,test,gigadb439,MEEI,user,t,t,f,,,,,test+gigadb439@gigasciencejournal.com,,DDBJ,true
440,test+gigadb440@gigasciencejournal.com,5a4f75053077a32e681f81daa8792f95,test,gigadb440,MEEI,user,t,t,f,,,,,test+gigadb440@gigasciencejournal.com,,EBI,true
441,test+gigadb441@gigasciencejournal.com,5a4f75053077a32e681f81daa8792f95,test,gigadb441,"Translational Genomics and Epigenomics Laboratory, Olivia Newton-John Cancer Research Institute, Heidelberg, Victoria, 3084, Australia","",f,t,f,,,,,test+gigadb441@gigasciencejournal.com,,EBI,true
442,test+gigadb442@gigasciencejournal.com,5a4f75053077a32e681f81daa8792f95,test,gigadb442,Scuola Superirore Sant'Anna,user,t,t,f,,,,,test+gigadb442@gigasciencejournal.com,,NCBI,true
443,test+gigadb443@gigasciencejournal.com,5a4f75053077a32e681f81daa8792f95,test,gigadb443,"Scuola Superiore Sant'Anna, Pisa",user,t,f,t,,,,,test+gigadb443@gigasciencejournal.com,,EBI,true
444,test+gigadb444@gigasciencejournal.com,5a4f75053077a32e681f81daa8792f95,test,gigadb444,Thyenmed,user,t,f,t,,,,,test+gigadb444@gigasciencejournal.com,,EBI,true
445,test+gigadb445@gigasciencejournal.com,5a4f75053077a32e681f81daa8792f95,test,gigadb445,"Scuola Superiore Sant'Anna, Pisa",user,t,f,t,,,,,test+gigadb445@gigasciencejournal.com,,EBI,true
446,test+gigadb446@gigasciencejournal.com,5a4f75053077a32e681f81daa8792f95,test,gigadb446,Victoria University of Wellington,user,f,f,t,,,,,test+gigadb446@gigasciencejournal.com,,EBI,true
447,test+gigadb447@gigasciencejournal.com,5a4f75053077a32e681f81daa8792f95,test,gigadb447,UFPel,user,f,f,t,,,,,test+gigadb447@gigasciencejournal.com,,EBI,true
448,test+gigadb448@gigasciencejournal.com,5a4f75053077a32e681f81daa8792f95,test,gigadb448,Three military hospital ,user,t,t,f,,,,,test+gigadb448@gigasciencejournal.com,,EBI,true
449,test+gigadb449@gigasciencejournal.com,5a4f75053077a32e681f81daa8792f95,test,gigadb449,"Hospital da Sra. da Oliveira, GMR",user,f,t,f,,,,,test+gigadb449@gigasciencejournal.com,,EBI,true
450,test+gigadb450@gigasciencejournal.com,5a4f75053077a32e681f81daa8792f95,test,gigadb450,Institu de Robotica e Informatica Industrial,user,f,f,t,,,,,test+gigadb450@gigasciencejournal.com,,EBI,true
451,test+gigadb451@gigasciencejournal.com,5a4f75053077a32e681f81daa8792f95,test,gigadb451,BGI,user,t,t,f,,,,,test+gigadb451@gigasciencejournal.com,,EBI,true
452,test+gigadb452@gigasciencejournal.com,5a4f75053077a32e681f81daa8792f95,test,gigadb452,Yunnan Agricultural University,"",f,t,f,,,,,test+gigadb452@gigasciencejournal.com,,EBI,true
453,test+gigadb453@gigasciencejournal.com,5a4f75053077a32e681f81daa8792f95,test,gigadb453,"Computational and Systems Biology, Genome Institute of Singapore, 60 Biopolis Street, 138672 Singapore","",f,t,f,,,,,test+gigadb453@gigasciencejournal.com,,EBI,true
454,test+gigadb454@gigasciencejournal.com,5a4f75053077a32e681f81daa8792f95,test,gigadb454,Johns Hopkins University,user,t,t,f,,,,,test+gigadb454@gigasciencejournal.com,,NCBI,true
455,test+gigadb455@gigasciencejournal.com,5a4f75053077a32e681f81daa8792f95,test,gigadb455,Johns Hopkins University,user,t,t,f,,,,,test+gigadb455@gigasciencejournal.com,,NCBI,true
456,test+gigadb456@gigasciencejournal.com,5a4f75053077a32e681f81daa8792f95,test,gigadb456,"IARI, New DElhi",user,t,t,f,,,,,test+gigadb456@gigasciencejournal.com,,NCBI,true
457,test+gigadb457@gigasciencejournal.com,5a4f75053077a32e681f81daa8792f95,test,gigadb457,Research,user,f,f,t,,,,,test+gigadb457@gigasciencejournal.com,,EBI,true
458,test+gigadb458@gigasciencejournal.com,5a4f75053077a32e681f81daa8792f95,test,gigadb458,NIH,user,t,f,t,,,,,test+gigadb458@gigasciencejournal.com,,NCBI,true
459,test+gigadb459@gigasciencejournal.com,5a4f75053077a32e681f81daa8792f95,test,gigadb459,"Translational Medicine Research Center, Shanxi Medical University, Taiyuan, Shanxi 030001,
China","",f,t,f,,,,,test+gigadb459@gigasciencejournal.com,,EBI,true
460,test+gigadb460@gigasciencejournal.com,5a4f75053077a32e681f81daa8792f95,test,gigadb460,Phd student,user,t,t,f,,,,,test+gigadb460@gigasciencejournal.com,,NCBI,true
461,test+gigadb461@gigasciencejournal.com,5a4f75053077a32e681f81daa8792f95,test,gigadb461,University of Milano Bicocca,user,f,f,t,,,,,test+gigadb461@gigasciencejournal.com,,EBI,true
462,test+gigadb462@gigasciencejournal.com,5a4f75053077a32e681f81daa8792f95,test,gigadb462,Northeastern University,user,f,f,t,,,,,test+gigadb462@gigasciencejournal.com,,EBI,true
463,test+gigadb463@gigasciencejournal.com,5a4f75053077a32e681f81daa8792f95,test,gigadb463,Northeastern University,user,f,f,t,,,,,test+gigadb463@gigasciencejournal.com,,EBI,true
464,test+gigadb464@gigasciencejournal.com,5a4f75053077a32e681f81daa8792f95,test,gigadb464,Agrochemistry and Food Technology Institute (IATA-CSIC),"",t,t,f,,,,,test+gigadb464@gigasciencejournal.com,,EBI,true
465,test+gigadb465@gigasciencejournal.com,5a4f75053077a32e681f81daa8792f95,test,gigadb465,University of Warsaw,user,t,f,t,,,,,test+gigadb465@gigasciencejournal.com,,EBI,true
466,test+gigadb466@gigasciencejournal.com,5a4f75053077a32e681f81daa8792f95,test,gigadb466,CU Boulder,user,f,f,t,,,,,test+gigadb466@gigasciencejournal.com,,EBI,true
467,test+gigadb467@gigasciencejournal.com,5a4f75053077a32e681f81daa8792f95,test,gigadb467,CU Boulder,user,f,f,t,,,,,test+gigadb467@gigasciencejournal.com,,EBI,true
468,test+gigadb468@gigasciencejournal.com,5a4f75053077a32e681f81daa8792f95,test,gigadb468,"University of Colorado, Boulder",user,f,t,f,,,,,test+gigadb468@gigasciencejournal.com,,EBI,true
469,test+gigadb469@gigasciencejournal.com,5a4f75053077a32e681f81daa8792f95,test,gigadb469,testdb,user,f,t,f,,,,,test+gigadb469@gigasciencejournal.com,,EBI,true
470,test+gigadb470@gigasciencejournal.com,5a4f75053077a32e681f81daa8792f95,test,gigadb470,Jim,user,f,t,f,,,,,test+gigadb470@gigasciencejournal.com,,EBI,true
471,test+gigadb471@gigasciencejournal.com,5a4f75053077a32e681f81daa8792f95,test,gigadb471,poland,user,f,t,f,,,,,test+gigadb471@gigasciencejournal.com,,EBI,true
472,test+gigadb472@gigasciencejournal.com,5a4f75053077a32e681f81daa8792f95,test,gigadb472,"Pest Management and Biocontrol Research Unit, Arid Land Agricultural Research Center, USDA Agricultural Research Services, Maricopa, AZ, USA","",t,t,f,,,,,test+gigadb472@gigasciencejournal.com,,EBI,true
473,test+gigadb473@gigasciencejournal.com,5a4f75053077a32e681f81daa8792f95,test,gigadb473,"Department of Electrical and Computer Engineering, Carnegie Mellon University, 5000 Forbes Avenue, 15213
Pittsburgh, PA, USA","",t,t,f,,,,,test+gigadb473@gigasciencejournal.com,,EBI,true
474,test+gigadb474@gigasciencejournal.com,5a4f75053077a32e681f81daa8792f95,test,gigadb474,Emory University,user,f,t,f,,,,,test+gigadb474@gigasciencejournal.com,,NCBI,true
475,test+gigadb475@gigasciencejournal.com,5a4f75053077a32e681f81daa8792f95,test,gigadb475,Emory University,user,f,t,f,,,,,test+gigadb475@gigasciencejournal.com,,NCBI,true
476,test+gigadb476@gigasciencejournal.com,5a4f75053077a32e681f81daa8792f95,test,gigadb476,Emory University,user,f,t,f,,,,,test+gigadb476@gigasciencejournal.com,,EBI,true
477,test+gigadb477@gigasciencejournal.com,5a4f75053077a32e681f81daa8792f95,test,gigadb477,"GenOuest Core Facility, Universit´e de Rennes, Campus de Beaulieu, 35042 Rennes Cedex, France","",f,t,f,,,,,test+gigadb477@gigasciencejournal.com,,EBI,true
478,test+gigadb478@gigasciencejournal.com,5a4f75053077a32e681f81daa8792f95,test,gigadb478,University of Pennsyvania,user,t,f,t,,,,,test+gigadb478@gigasciencejournal.com,,NCBI,true
479,test+gigadb479@gigasciencejournal.com,5a4f75053077a32e681f81daa8792f95,test,gigadb479,"BGI-Hong Kong, Hong Kong 999077, China","",t,t,f,,,,,test+gigadb479@gigasciencejournal.com,,EBI,true
480,test+gigadb480@gigasciencejournal.com,5a4f75053077a32e681f81daa8792f95,test,gigadb480,Siena Heights University,user,t,t,f,,,,,test+gigadb480@gigasciencejournal.com,,EBI,true
481,test+gigadb481@gigasciencejournal.com,5a4f75053077a32e681f81daa8792f95,test,gigadb481,CIRAD,user,t,f,t,,,,,test+gigadb481@gigasciencejournal.com,,NCBI,true
482,test+gigadb482@gigasciencejournal.com,5a4f75053077a32e681f81daa8792f95,test,gigadb482,Sechenov Moscow Medical University,user,f,f,t,,,,,test+gigadb482@gigasciencejournal.com,,NCBI,true
483,test+gigadb483@gigasciencejournal.com,5a4f75053077a32e681f81daa8792f95,test,gigadb483,"Complete Genomics, Inc., 2071 Stierlin Court, Mountain View, CA 94043","",t,t,f,,,,,test+gigadb483@gigasciencejournal.com,,EBI,true
484,test+gigadb484@gigasciencejournal.com,5a4f75053077a32e681f81daa8792f95,test,gigadb484,Institute of Reseach for Development,user,t,t,f,,,,,test+gigadb484@gigasciencejournal.com,,EBI,true
485,test+gigadb485@gigasciencejournal.com,5a4f75053077a32e681f81daa8792f95,test,gigadb485,Lund University,user,f,f,t,,,,,test+gigadb485@gigasciencejournal.com,,EBI,true
486,test+gigadb486@gigasciencejournal.com,5a4f75053077a32e681f81daa8792f95,test,gigadb486,Research Assistant,user,f,f,t,,,,,test+gigadb486@gigasciencejournal.com,,NCBI,true
487,test+gigadb487@gigasciencejournal.com,5a4f75053077a32e681f81daa8792f95,test,gigadb487,OHSU,user,t,t,f,,,,,test+gigadb487@gigasciencejournal.com,,NCBI,true
488,test+gigadb488@gigasciencejournal.com,5a4f75053077a32e681f81daa8792f95,test,gigadb488,Wayne State University,user,t,t,f,,,,,test+gigadb488@gigasciencejournal.com,,NCBI,true
489,test+gigadb489@gigasciencejournal.com,5a4f75053077a32e681f81daa8792f95,test,gigadb489,Vanderbilt University,user,t,f,t,,,,,test+gigadb489@gigasciencejournal.com,,NCBI,true
490,test+gigadb490@gigasciencejournal.com,5a4f75053077a32e681f81daa8792f95,test,gigadb490,Johns Hopkins University ,user,f,f,t,,,,,test+gigadb490@gigasciencejournal.com,,EBI,true
491,test+gigadb491@gigasciencejournal.com,5a4f75053077a32e681f81daa8792f95,test,gigadb491,University of Utah,user,f,t,f,,,,,test+gigadb491@gigasciencejournal.com,,NCBI,true
492,test+gigadb492@gigasciencejournal.com,5a4f75053077a32e681f81daa8792f95,test,gigadb492,AUTH,user,t,t,f,,,,,test+gigadb492@gigasciencejournal.com,,EBI,true
493,test+gigadb493@gigasciencejournal.com,5a4f75053077a32e681f81daa8792f95,test,gigadb493,BGI,user,t,t,f,,,,,test+gigadb493@gigasciencejournal.com,,EBI,true
494,test+gigadb494@gigasciencejournal.com,5a4f75053077a32e681f81daa8792f95,test,gigadb494,"Laboratório de Ecologia e Evolução, Escola de Artes, Ciências e Humanidades, Universidade de São Paulo – USP, Av. Arlindo Bettio, 1000, CEP 03828-000, São Paulo, SP, Brazil.","",f,t,f,,,,,test+gigadb494@gigasciencejournal.com,,EBI,true
495,test+gigadb495@gigasciencejournal.com,5a4f75053077a32e681f81daa8792f95,test,gigadb495,Walter and Eliza Hall Institute of Medical Research,user,t,f,t,,,,,test+gigadb495@gigasciencejournal.com,,EBI,true
496,test+gigadb496@gigasciencejournal.com,5a4f75053077a32e681f81daa8792f95,test,gigadb496,Institute of Biomedical Chemistry,user,f,t,f,,,,,test+gigadb496@gigasciencejournal.com,,EBI,true
497,test+gigadb497@gigasciencejournal.com,5a4f75053077a32e681f81daa8792f95,test,gigadb497,National Institutes of Health,user,f,f,t,,,,,test+gigadb497@gigasciencejournal.com,,EBI,true
498,test+gigadb498@gigasciencejournal.com,5a4f75053077a32e681f81daa8792f95,test,gigadb498,Broad Institute of Harvard and MIT,user,t,f,f,,,,,test+gigadb498@gigasciencejournal.com,,NCBI,true
499,test+gigadb499@gigasciencejournal.com,5a4f75053077a32e681f81daa8792f95,test,gigadb499,BGI,user,t,t,f,,,,,test+gigadb499@gigasciencejournal.com,,NCBI,true
500,test+gigadb500@gigasciencejournal.com,5a4f75053077a32e681f81daa8792f95,test,gigadb500,Ifremer,user,t,t,f,,,,,test+gigadb500@gigasciencejournal.com,,EBI,true
501,test+gigadb501@gigasciencejournal.com,5a4f75053077a32e681f81daa8792f95,test,gigadb501,Korea Advanced Institute of Science & Technology,user,t,t,f,,,,,test+gigadb501@gigasciencejournal.com,,EBI,true
502,test+gigadb502@gigasciencejournal.com,5a4f75053077a32e681f81daa8792f95,test,gigadb502,china,user,f,t,f,,,,,test+gigadb502@gigasciencejournal.com,,NCBI,true
503,test+gigadb503@gigasciencejournal.com,5a4f75053077a32e681f81daa8792f95,test,gigadb503,china,user,t,t,f,,,,,test+gigadb503@gigasciencejournal.com,,NCBI,true
504,test+gigadb504@gigasciencejournal.com,5a4f75053077a32e681f81daa8792f95,test,gigadb504,Inserm,user,f,f,t,,,,,test+gigadb504@gigasciencejournal.com,,NCBI,true
505,test+gigadb505@gigasciencejournal.com,5a4f75053077a32e681f81daa8792f95,test,gigadb505,ilri,user,f,t,f,,,,,test+gigadb505@gigasciencejournal.com,,EBI,true
506,test+gigadb506@gigasciencejournal.com,5a4f75053077a32e681f81daa8792f95,test,gigadb506,OICR,user,f,t,f,,,,,test+gigadb506@gigasciencejournal.com,,NCBI,true
507,test+gigadb507@gigasciencejournal.com,5a4f75053077a32e681f81daa8792f95,test,gigadb507,"Department of Computer Science, University of Leizig",user,t,f,t,,,,,test+gigadb507@gigasciencejournal.com,,EBI,true
508,test+gigadb508@gigasciencejournal.com,5a4f75053077a32e681f81daa8792f95,test,gigadb508,CEA,user,t,f,t,,,,,test+gigadb508@gigasciencejournal.com,,EBI,true
509,test+gigadb509@gigasciencejournal.com,5a4f75053077a32e681f81daa8792f95,test,gigadb509,"G B PUAT Pant Nagar, INDIA",user,t,t,f,,,,,test+gigadb509@gigasciencejournal.com,,EBI,true
510,test+gigadb510@gigasciencejournal.com,5a4f75053077a32e681f81daa8792f95,test,gigadb510,Southwest University,user,t,t,f,,,,,test+gigadb510@gigasciencejournal.com,,NCBI,true
511,test+gigadb511@gigasciencejournal.com,5a4f75053077a32e681f81daa8792f95,test,gigadb511,Wellcome Trust Centre for Human Genetics,"",f,t,f,,,,,test+gigadb511@gigasciencejournal.com,,EBI,true
512,test+gigadb512@gigasciencejournal.com,5a4f75053077a32e681f81daa8792f95,test,gigadb512,Institut Pasteur de Madagascar,user,t,f,t,,,,,test+gigadb512@gigasciencejournal.com,,EBI,true
513,test+gigadb513@gigasciencejournal.com,5a4f75053077a32e681f81daa8792f95,test,gigadb513,Associate Professor,user,t,t,f,,,,,test+gigadb513@gigasciencejournal.com,,NCBI,true
514,test+gigadb514@gigasciencejournal.com,5a4f75053077a32e681f81daa8792f95,test,gigadb514,BGI,user,f,t,f,,,,,test+gigadb514@gigasciencejournal.com,,NCBI,true
515,test+gigadb515@gigasciencejournal.com,5a4f75053077a32e681f81daa8792f95,test,gigadb515,BGI,user,t,t,f,,,,,test+gigadb515@gigasciencejournal.com,,NCBI,true
516,test+gigadb516@gigasciencejournal.com,5a4f75053077a32e681f81daa8792f95,test,gigadb516,CHDI foundation,user,t,t,f,,,,,test+gigadb516@gigasciencejournal.com,,EBI,true
517,test+gigadb517@gigasciencejournal.com,5a4f75053077a32e681f81daa8792f95,test,gigadb517,BGI,user,t,t,f,,,,,test+gigadb517@gigasciencejournal.com,,NCBI,true
518,test+gigadb518@gigasciencejournal.com,5a4f75053077a32e681f81daa8792f95,test,gigadb518,"Whitney Laboratory for Marine Bioscience, University of Florida, 9505 Ocean Shore Blvd., St Augustine, FL, 32080, USA","",f,t,f,,,,,test+gigadb518@gigasciencejournal.com,,EBI,true
519,test+gigadb519@gigasciencejournal.com,5a4f75053077a32e681f81daa8792f95,test,gigadb519,CSI,user,t,f,t,,,,,test+gigadb519@gigasciencejournal.com,,EBI,true
520,test+gigadb520@gigasciencejournal.com,5a4f75053077a32e681f81daa8792f95,test,gigadb520,china,user,t,t,f,,,,,test+gigadb520@gigasciencejournal.com,,NCBI,true
521,test+gigadb521@gigasciencejournal.com,5a4f75053077a32e681f81daa8792f95,test,gigadb521,ICRISAT,user,t,t,f,,,,,test+gigadb521@gigasciencejournal.com,,EBI,true
522,test+gigadb522@gigasciencejournal.com,5a4f75053077a32e681f81daa8792f95,test,gigadb522,University of Massachusetts Amherst,user,f,f,t,,,,,test+gigadb522@gigasciencejournal.com,,NCBI,true
523,test+gigadb523@gigasciencejournal.com,5a4f75053077a32e681f81daa8792f95,test,gigadb523,MPI Tuebingen,user,t,f,t,,,,,test+gigadb523@gigasciencejournal.com,,EBI,true
524,test+gigadb524@gigasciencejournal.com,5a4f75053077a32e681f81daa8792f95,test,gigadb524,MGH,user,f,f,t,,,,,test+gigadb524@gigasciencejournal.com,,EBI,true
525,test+gigadb525@gigasciencejournal.com,5a4f75053077a32e681f81daa8792f95,test,gigadb525,Universidade Federal de Goiás,user,t,f,t,,,,,test+gigadb525@gigasciencejournal.com,,EBI,true
526,test+gigadb526@gigasciencejournal.com,5a4f75053077a32e681f81daa8792f95,test,gigadb526,The University of Hong Kong,user,f,t,f,,,,,test+gigadb526@gigasciencejournal.com,,NCBI,true
527,test+gigadb527@gigasciencejournal.com,5a4f75053077a32e681f81daa8792f95,test,gigadb527,University of New Mexico,user,t,f,t,,,,,test+gigadb527@gigasciencejournal.com,,NCBI,true
528,test+gigadb528@gigasciencejournal.com,5a4f75053077a32e681f81daa8792f95,test,gigadb528,ifremer,user,t,t,f,,,,,test+gigadb528@gigasciencejournal.com,,EBI,true
529,test+gigadb529@gigasciencejournal.com,5a4f75053077a32e681f81daa8792f95,test,gigadb529,Johns Hopkins University,user,t,f,f,,,,,test+gigadb529@gigasciencejournal.com,,NCBI,true
530,test+gigadb530@gigasciencejournal.com,5a4f75053077a32e681f81daa8792f95,test,gigadb530,JHU,user,t,t,f,,,,,test+gigadb530@gigasciencejournal.com,,EBI,true
531,test+gigadb531@gigasciencejournal.com,5a4f75053077a32e681f81daa8792f95,test,gigadb531,AAFC,user,t,t,f,,,,,test+gigadb531@gigasciencejournal.com,,NCBI,true
532,test+gigadb532@gigasciencejournal.com,5a4f75053077a32e681f81daa8792f95,test,gigadb532,The Walter and Eliza Hall Institute of Medical Research,"",f,t,f,,,,,test+gigadb532@gigasciencejournal.com,,EBI,true
533,test+gigadb533@gigasciencejournal.com,5a4f75053077a32e681f81daa8792f95,test,gigadb533,ILRI,user,t,t,f,,,,,test+gigadb533@gigasciencejournal.com,,EBI,true
534,test+gigadb534@gigasciencejournal.com,5a4f75053077a32e681f81daa8792f95,test,gigadb534,McMaster University,user,t,f,t,,,,,test+gigadb534@gigasciencejournal.com,,NCBI,true
535,test+gigadb535@gigasciencejournal.com,5a4f75053077a32e681f81daa8792f95,test,gigadb535,McMaster University,user,f,f,t,,,,,test+gigadb535@gigasciencejournal.com,,NCBI,true
536,test+gigadb536@gigasciencejournal.com,5a4f75053077a32e681f81daa8792f95,test,gigadb536,LMU,user,f,t,f,,,,,test+gigadb536@gigasciencejournal.com,,NCBI,true
537,test+gigadb537@gigasciencejournal.com,5a4f75053077a32e681f81daa8792f95,test,gigadb537,ucla,user,t,f,t,,,,,test+gigadb537@gigasciencejournal.com,,NCBI,true
538,test+gigadb538@gigasciencejournal.com,5a4f75053077a32e681f81daa8792f95,test,gigadb538,BGI,user,t,t,f,,,,,test+gigadb538@gigasciencejournal.com,,EBI,true
539,test+gigadb539@gigasciencejournal.com,5a4f75053077a32e681f81daa8792f95,test,gigadb539,shanghai pulmonary hospital,user,f,t,f,,,,,test+gigadb539@gigasciencejournal.com,,EBI,true
540,test+gigadb540@gigasciencejournal.com,5a4f75053077a32e681f81daa8792f95,test,gigadb540,gay porn inc,user,f,t,f,,,,,test+gigadb540@gigasciencejournal.com,,DDBJ,true
541,test+gigadb541@gigasciencejournal.com,5a4f75053077a32e681f81daa8792f95,test,gigadb541,Laval University,"",f,t,f,,,,,test+gigadb541@gigasciencejournal.com,,EBI,true
542,test+gigadb542@gigasciencejournal.com,5a4f75053077a32e681f81daa8792f95,test,gigadb542,Johns Hopkins University,user,t,t,f,,,,,test+gigadb542@gigasciencejournal.com,,NCBI,true
543,test+gigadb543@gigasciencejournal.com,5a4f75053077a32e681f81daa8792f95,test,gigadb543,"Center for Environmental Studies, Universitas Gadjah Mada",user,f,t,f,,,,,test+gigadb543@gigasciencejournal.com,,EBI,true
544,test+gigadb544@gigasciencejournal.com,5a4f75053077a32e681f81daa8792f95,test,gigadb544,Ibaraki University,user,t,t,f,,,,,test+gigadb544@gigasciencejournal.com,,DDBJ,true
545,test+gigadb545@gigasciencejournal.com,5a4f75053077a32e681f81daa8792f95,test,gigadb545,"Bioinformatics and Genomics Department, Centre for Genomic Regulation (CRG), The Barcelona Institute of Science and Technology, Dr. Aiguader 88, Barcelona 08003, Spain","",f,t,f,,,,,test+gigadb545@gigasciencejournal.com,,EBI,true
546,test+gigadb546@gigasciencejournal.com,5a4f75053077a32e681f81daa8792f95,test,gigadb546,University of Brasilia,user,t,f,t,,,,,test+gigadb546@gigasciencejournal.com,,EBI,true
547,test+gigadb547@gigasciencejournal.com,5a4f75053077a32e681f81daa8792f95,test,gigadb547,Mahidol University,user,t,t,f,,,,,test+gigadb547@gigasciencejournal.com,,NCBI,true
548,test+gigadb548@gigasciencejournal.com,5a4f75053077a32e681f81daa8792f95,test,gigadb548,"Universität des Saarlandes, IMED, Kardiologie",user,t,f,t,,,,,test+gigadb548@gigasciencejournal.com,,NCBI,true
549,test+gigadb549@gigasciencejournal.com,5a4f75053077a32e681f81daa8792f95,test,gigadb549,Vilnius University,user,t,f,t,,,,,test+gigadb549@gigasciencejournal.com,,EBI,true
550,test+gigadb550@gigasciencejournal.com,5a4f75053077a32e681f81daa8792f95,test,gigadb550,USDA ARS,"",f,t,f,,,,,test+gigadb550@gigasciencejournal.com,,EBI,true
551,test+gigadb551@gigasciencejournal.com,5a4f75053077a32e681f81daa8792f95,test,gigadb551,"Center for Microbial Genetics and Genomics, Northern Arizona University, Flagstaff, Arizona, USA","",f,t,f,,,,,test+gigadb551@gigasciencejournal.com,,EBI,true
552,test+gigadb552@gigasciencejournal.com,5a4f75053077a32e681f81daa8792f95,test,gigadb552,TANUVAS,user,t,t,f,,,,,test+gigadb552@gigasciencejournal.com,,NCBI,true
553,test+gigadb553@gigasciencejournal.com,5a4f75053077a32e681f81daa8792f95,test,gigadb553,zkchen1995@163.com,user,f,t,f,,,,,test+gigadb553@gigasciencejournal.com,,EBI,true
554,test+gigadb554@gigasciencejournal.com,5a4f75053077a32e681f81daa8792f95,test,gigadb554,"Department of Biology, Brigham Young University, Provo, UT, USA","",f,t,f,,,,,test+gigadb554@gigasciencejournal.com,,EBI,true
555,test+gigadb555@gigasciencejournal.com,5a4f75053077a32e681f81daa8792f95,test,gigadb555,Princeton University,user,t,f,t,,,,,test+gigadb555@gigasciencejournal.com,,EBI,true
556,test+gigadb556@gigasciencejournal.com,5a4f75053077a32e681f81daa8792f95,test,gigadb556,Sichuan Agricultural University,user,t,t,f,,,,,test+gigadb556@gigasciencejournal.com,,NCBI,true
557,test+gigadb557@gigasciencejournal.com,5a4f75053077a32e681f81daa8792f95,test,gigadb557,Mayo Clinic,user,f,f,t,,,,,test+gigadb557@gigasciencejournal.com,,NCBI,true
558,test+gigadb558@gigasciencejournal.com,5a4f75053077a32e681f81daa8792f95,test,gigadb558,The University of Auckland,user,t,t,f,,,,,test+gigadb558@gigasciencejournal.com,,EBI,true
559,test+gigadb559@gigasciencejournal.com,5a4f75053077a32e681f81daa8792f95,test,gigadb559,NJMU,user,f,t,f,,,,,test+gigadb559@gigasciencejournal.com,,EBI,true
560,test+gigadb560@gigasciencejournal.com,5a4f75053077a32e681f81daa8792f95,test,gigadb560,NJMU,user,t,t,f,,,,,test+gigadb560@gigasciencejournal.com,,EBI,true
561,test+gigadb561@gigasciencejournal.com,5a4f75053077a32e681f81daa8792f95,test,gigadb561,Oklahoma Medical Research Foundation,user,t,t,f,,,,,test+gigadb561@gigasciencejournal.com,,NCBI,true
562,test+gigadb562@gigasciencejournal.com,5a4f75053077a32e681f81daa8792f95,test,gigadb562,"School of Informatics and Computing, Indiana University, Bloomington, Indiana 47405","",f,t,f,,,,,test+gigadb562@gigasciencejournal.com,,EBI,true
563,test+gigadb563@gigasciencejournal.com,5a4f75053077a32e681f81daa8792f95,test,gigadb563,"Crystal Genetics, Inc.",user,t,t,f,,,,,test+gigadb563@gigasciencejournal.com,,EBI,true
564,test+gigadb564@gigasciencejournal.com,5a4f75053077a32e681f81daa8792f95,test,gigadb564,Mayo Clinic,user,t,t,f,,,,,test+gigadb564@gigasciencejournal.com,,NCBI,true
565,test+gigadb565@gigasciencejournal.com,5a4f75053077a32e681f81daa8792f95,test,gigadb565,Mayo,user,t,f,t,,,,,test+gigadb565@gigasciencejournal.com,,NCBI,true
566,test+gigadb566@gigasciencejournal.com,5a4f75053077a32e681f81daa8792f95,test,gigadb566,Jackson Laboratory,user,t,f,t,,,,,test+gigadb566@gigasciencejournal.com,,NCBI,true
567,test+gigadb567@gigasciencejournal.com,5a4f75053077a32e681f81daa8792f95,test,gigadb567,South African National Bioinformatics Institute,user,t,f,t,,,,,test+gigadb567@gigasciencejournal.com,,EBI,true
568,test+gigadb568@gigasciencejournal.com,5a4f75053077a32e681f81daa8792f95,test,gigadb568,UET Taxila Pakistan,user,t,f,t,,,,,test+gigadb568@gigasciencejournal.com,,EBI,true
569,test+gigadb569@gigasciencejournal.com,5a4f75053077a32e681f81daa8792f95,test,gigadb569,Neuropsychiatric Research Institute,user,f,f,t,,,,,test+gigadb569@gigasciencejournal.com,,NCBI,true
570,test+gigadb570@gigasciencejournal.com,5a4f75053077a32e681f81daa8792f95,test,gigadb570,BGI,user,t,t,f,,,,,test+gigadb570@gigasciencejournal.com,,EBI,true
571,test+gigadb571@gigasciencejournal.com,5a4f75053077a32e681f81daa8792f95,test,gigadb571,BGI,user,t,t,f,,,,,test+gigadb571@gigasciencejournal.com,,EBI,true
572,test+gigadb572@gigasciencejournal.com,5a4f75053077a32e681f81daa8792f95,test,gigadb572,academia sinica,user,t,f,t,,,,,test+gigadb572@gigasciencejournal.com,,NCBI,true
573,test+gigadb573@gigasciencejournal.com,5a4f75053077a32e681f81daa8792f95,test,gigadb573,MET' Institute of Engineering,user,t,t,f,,,,,test+gigadb573@gigasciencejournal.com,,EBI,true
574,test+gigadb574@gigasciencejournal.com,5a4f75053077a32e681f81daa8792f95,test,gigadb574,KU Leuven,user,f,f,t,,,,,test+gigadb574@gigasciencejournal.com,,EBI,true
575,test+gigadb575@gigasciencejournal.com,5a4f75053077a32e681f81daa8792f95,test,gigadb575,ICRISAT,user,t,t,f,,,,,test+gigadb575@gigasciencejournal.com,,NCBI,true
576,test+gigadb576@gigasciencejournal.com,5a4f75053077a32e681f81daa8792f95,test,gigadb576,"PhD student-Universidad del Rosario, Genetics Unit",user,t,f,t,,,,,test+gigadb576@gigasciencejournal.com,,NCBI,true
577,test+gigadb577@gigasciencejournal.com,5a4f75053077a32e681f81daa8792f95,test,gigadb577,The University of Hong Kong,user,t,f,t,,,,,test+gigadb577@gigasciencejournal.com,,NCBI,true
578,test+gigadb578@gigasciencejournal.com,5a4f75053077a32e681f81daa8792f95,test,gigadb578,The University of Hong Kong,user,t,t,f,,,,,test+gigadb578@gigasciencejournal.com,,NCBI,true
579,test+gigadb579@gigasciencejournal.com,5a4f75053077a32e681f81daa8792f95,test,gigadb579,BGI,user,t,t,f,,,,,test+gigadb579@gigasciencejournal.com,,NCBI,true
580,test+gigadb580@gigasciencejournal.com,5a4f75053077a32e681f81daa8792f95,test,gigadb580,Sichuan University,user,t,f,t,,,,,test+gigadb580@gigasciencejournal.com,,EBI,true
581,test+gigadb581@gigasciencejournal.com,5a4f75053077a32e681f81daa8792f95,test,gigadb581,The University of Hong Kong,user,f,f,t,,,,,test+gigadb581@gigasciencejournal.com,,NCBI,true
582,test+gigadb582@gigasciencejournal.com,5a4f75053077a32e681f81daa8792f95,test,gigadb582,Korea Polar Research Institute,user,t,f,t,,,,,test+gigadb582@gigasciencejournal.com,,EBI,true
583,test+gigadb583@gigasciencejournal.com,5a4f75053077a32e681f81daa8792f95,test,gigadb583,Tokyo Metropolitan University,user,t,t,f,,,,,test+gigadb583@gigasciencejournal.com,,NCBI,true
584,test+gigadb584@gigasciencejournal.com,5a4f75053077a32e681f81daa8792f95,test,gigadb584,Monash University,user,t,t,f,,,,,test+gigadb584@gigasciencejournal.com,,EBI,true
585,test+gigadb585@gigasciencejournal.com,5a4f75053077a32e681f81daa8792f95,test,gigadb585,UC Davis,user,t,f,t,,,,,test+gigadb585@gigasciencejournal.com,,NCBI,true
586,test+gigadb586@gigasciencejournal.com,5a4f75053077a32e681f81daa8792f95,test,gigadb586,Virginia Tech,user,t,t,f,,,,,test+gigadb586@gigasciencejournal.com,,NCBI,true
587,test+gigadb587@gigasciencejournal.com,5a4f75053077a32e681f81daa8792f95,test,gigadb587,riken,user,t,f,t,,,,,test+gigadb587@gigasciencejournal.com,,DDBJ,true
588,test+gigadb588@gigasciencejournal.com,5a4f75053077a32e681f81daa8792f95,test,gigadb588,BGI,user,t,t,f,,,,,test+gigadb588@gigasciencejournal.com,,NCBI,true
589,test+gigadb589@gigasciencejournal.com,5a4f75053077a32e681f81daa8792f95,test,gigadb589,Florida Olive Council/University of Florida,user,t,t,f,,,,,test+gigadb589@gigasciencejournal.com,,EBI,true
590,test+gigadb590@gigasciencejournal.com,5a4f75053077a32e681f81daa8792f95,test,gigadb590,NMSU,user,t,f,t,,,,,test+gigadb590@gigasciencejournal.com,,NCBI,true
591,test+gigadb591@gigasciencejournal.com,5a4f75053077a32e681f81daa8792f95,test,gigadb591,"Institute for Molecular Bioscience, The University of Queensland, 306 Carmody Road, St Lucia, QLD 4072 Brisbane, Australia","",f,t,f,,,,,test+gigadb591@gigasciencejournal.com,,EBI,true
592,test+gigadb592@gigasciencejournal.com,5a4f75053077a32e681f81daa8792f95,test,gigadb592,"Northwest A&F University, Yangling 712100, China","",f,t,f,,,,,test+gigadb592@gigasciencejournal.com,,EBI,true
593,test+gigadb593@gigasciencejournal.com,5a4f75053077a32e681f81daa8792f95,test,gigadb593,"Genome Institute of Singapore, Singapore 138672, Singapore","",f,t,f,,,,,test+gigadb593@gigasciencejournal.com,,EBI,true
594,test+gigadb594@gigasciencejournal.com,5a4f75053077a32e681f81daa8792f95,test,gigadb594,"Theodosius Dobzhansky Center for Genome Bioinformatics, St. Petersburg State University, Sredniy Prospekt 41A, 199004 St. Petersburg, Russia","",f,t,f,,,,,test+gigadb594@gigasciencejournal.com,,EBI,true
595,test+gigadb595@gigasciencejournal.com,5a4f75053077a32e681f81daa8792f95,test,gigadb595,Ultravision-tech,user,t,t,f,,,,,test+gigadb595@gigasciencejournal.com,,NCBI,true
596,test+gigadb596@gigasciencejournal.com,5a4f75053077a32e681f81daa8792f95,test,gigadb596,BGI,user,t,t,f,,,,,test+gigadb596@gigasciencejournal.com,,NCBI,true
597,test+gigadb597@gigasciencejournal.com,5a4f75053077a32e681f81daa8792f95,test,gigadb597,Korea Polar Research Institute,user,t,t,f,,,,,test+gigadb597@gigasciencejournal.com,,NCBI,true
598,test+gigadb598@gigasciencejournal.com,5a4f75053077a32e681f81daa8792f95,test,gigadb598,BGI-Shenzhen,"",f,t,f,,,,,test+gigadb598@gigasciencejournal.com,,EBI,true
599,test+gigadb599@gigasciencejournal.com,5a4f75053077a32e681f81daa8792f95,test,gigadb599,hku,user,f,f,t,,,,,test+gigadb599@gigasciencejournal.com,,EBI,true
600,test+gigadb600@gigasciencejournal.com,5a4f75053077a32e681f81daa8792f95,test,gigadb600,Chonnam National University,user,t,t,t,,,,,test+gigadb600@gigasciencejournal.com,,NCBI,true
601,test+gigadb601@gigasciencejournal.com,5a4f75053077a32e681f81daa8792f95,test,gigadb601,"University of Puerto Rico, Río Piedras","",f,t,f,,,,,test+gigadb601@gigasciencejournal.com,,EBI,true
602,test+gigadb602@gigasciencejournal.com,5a4f75053077a32e681f81daa8792f95,test,gigadb602,University Lyon1,user,t,f,t,,,,,test+gigadb602@gigasciencejournal.com,,NCBI,true
603,test+gigadb603@gigasciencejournal.com,5a4f75053077a32e681f81daa8792f95,test,gigadb603,Clemson University,user,t,t,f,,,,,test+gigadb603@gigasciencejournal.com,,NCBI,true
604,test+gigadb604@gigasciencejournal.com,5a4f75053077a32e681f81daa8792f95,test,gigadb604,Child Mind Institute,user,f,f,t,,,,,test+gigadb604@gigasciencejournal.com,,EBI,true
605,test+gigadb605@gigasciencejournal.com,5a4f75053077a32e681f81daa8792f95,test,gigadb605,University of Sao Paulo ,user,t,t,f,,,,,test+gigadb605@gigasciencejournal.com,,EBI,true
606,test+gigadb606@gigasciencejournal.com,5a4f75053077a32e681f81daa8792f95,test,gigadb606,Donald Danforth Plant Science Center,user,t,f,t,,,,,test+gigadb606@gigasciencejournal.com,,NCBI,true
607,test+gigadb607@gigasciencejournal.com,5a4f75053077a32e681f81daa8792f95,test,gigadb607,"A*STAR, Biopolis, Singapore 138673","",f,t,f,,,,,test+gigadb607@gigasciencejournal.com,,EBI,true
608,test+gigadb608@gigasciencejournal.com,5a4f75053077a32e681f81daa8792f95,test,gigadb608,UCLA,user,f,f,t,,,,,test+gigadb608@gigasciencejournal.com,,NCBI,true
609,test+gigadb609@gigasciencejournal.com,5a4f75053077a32e681f81daa8792f95,test,gigadb609,Rutger Cancer Institute of NJ,user,t,t,f,,,,,test+gigadb609@gigasciencejournal.com,,NCBI,true
610,test+gigadb610@gigasciencejournal.com,5a4f75053077a32e681f81daa8792f95,test,gigadb610,Asia Pacific Center for Theoretical Physics,user,t,t,f,,,,,test+gigadb610@gigasciencejournal.com,,EBI,true
611,test+gigadb611@gigasciencejournal.com,5a4f75053077a32e681f81daa8792f95,test,gigadb611,CDAC,user,f,t,f,,,,,test+gigadb611@gigasciencejournal.com,,EBI,true
612,test+gigadb612@gigasciencejournal.com,5a4f75053077a32e681f81daa8792f95,test,gigadb612,statistical planning and analysis servic,user,t,t,f,,,,,test+gigadb612@gigasciencejournal.com,,EBI,true
613,test+gigadb613@gigasciencejournal.com,5a4f75053077a32e681f81daa8792f95,test,gigadb613,"Computational Neuroimaging Lab, Center for Biomedical Imaging and Neuromodulation, Nathan Kline Institute for Psychiatric Research, Orangeburg, NY, USA","",f,t,f,,,,,test+gigadb613@gigasciencejournal.com,,EBI,true
614,test+gigadb614@gigasciencejournal.com,5a4f75053077a32e681f81daa8792f95,test,gigadb614,SCAU,user,t,t,f,,,,,test+gigadb614@gigasciencejournal.com,,NCBI,true
615,test+gigadb615@gigasciencejournal.com,5a4f75053077a32e681f81daa8792f95,test,gigadb615,Bsc,user,f,t,f,,,,,test+gigadb615@gigasciencejournal.com,,EBI,true
616,test+gigadb616@gigasciencejournal.com,5a4f75053077a32e681f81daa8792f95,test,gigadb616,"Centre de Recherche, Institut Universitaire de Gériatrie de Montréal, Montréal, Quebec, Canada","",f,t,f,,,,,test+gigadb616@gigasciencejournal.com,,EBI,true
617,test+gigadb617@gigasciencejournal.com,5a4f75053077a32e681f81daa8792f95,test,gigadb617,"University of California, San Diego, La Jolla, CA, USA","",f,t,f,,,,,test+gigadb617@gigasciencejournal.com,,EBI,true
618,test+gigadb618@gigasciencejournal.com,5a4f75053077a32e681f81daa8792f95,test,gigadb618,"Center for the Developing Brain, Child Mind Institute, New York, NY, USA","",f,t,f,,,,,test+gigadb618@gigasciencejournal.com,,EBI,true
619,test+gigadb619@gigasciencejournal.com,5a4f75053077a32e681f81daa8792f95,test,gigadb619,"Montréal Neurological Institute, McGill University and Institute of Pscychology, Montréal, Québec, Canada","",f,t,f,,,,,test+gigadb619@gigasciencejournal.com,,EBI,true
620,test+gigadb620@gigasciencejournal.com,5a4f75053077a32e681f81daa8792f95,test,gigadb620,"Montreal Neurological Institute, McGill University, Montreal, QC, Canada","",f,t,f,,,,,test+gigadb620@gigasciencejournal.com,,EBI,true
621,test+gigadb621@gigasciencejournal.com,5a4f75053077a32e681f81daa8792f95,test,gigadb621,"University of Hawaii John A. Burns School of Medicine, Honolulu, Hawaii, USA, Honolulu, HI, USA","",f,t,f,,,,,test+gigadb621@gigasciencejournal.com,,EBI,true
622,test+gigadb622@gigasciencejournal.com,5a4f75053077a32e681f81daa8792f95,test,gigadb622,"Oregon Health & Science University, Portland, OR, USA","",f,t,f,,,,,test+gigadb622@gigasciencejournal.com,,EBI,true
623,test+gigadb623@gigasciencejournal.com,5a4f75053077a32e681f81daa8792f95,test,gigadb623,"Computational Neuroimaging Lab, Center for Biomedical Imaging and Neuromodulation, Nathan Kline Institute for Psychiatric Research, Orangeburg, NY, USA","",f,t,f,,,,,test+gigadb623@gigasciencejournal.com,,EBI,true
624,test+gigadb624@gigasciencejournal.com,5a4f75053077a32e681f81daa8792f95,test,gigadb624,"Monash Institute of Cognitive and Clinical Neurosciences, Monash University, Melbourne, Australia","",f,t,f,,,,,test+gigadb624@gigasciencejournal.com,,EBI,true
625,test+gigadb625@gigasciencejournal.com,5a4f75053077a32e681f81daa8792f95,test,gigadb625,"McGill Centre for Integrative Neuroscience (MCIN), Ludmer Centre for Neuroinformatics and Mental Health, Montreal Neurological Institute (MNI), McGill University, Montréal, Québec, Canada","",f,t,f,,,,,test+gigadb625@gigasciencejournal.com,,EBI,true
626,test+gigadb626@gigasciencejournal.com,5a4f75053077a32e681f81daa8792f95,test,gigadb626,"Department of Pscyhological & Brain Sciences, Dartmouth College, Hanover, NH, USA","",f,t,f,,,,,test+gigadb626@gigasciencejournal.com,,EBI,true
627,test+gigadb627@gigasciencejournal.com,5a4f75053077a32e681f81daa8792f95,test,gigadb627,"Instituto de Neurobiología, Queretaro, Queretaro, Mexico","",f,t,f,,,,,test+gigadb627@gigasciencejournal.com,,EBI,true
628,test+gigadb628@gigasciencejournal.com,5a4f75053077a32e681f81daa8792f95,test,gigadb628,"Neural Plasticity and Neurorehabilitation Laboratory, University of Southern California, Los Angeles, CA, USA","",f,t,f,,,,,test+gigadb628@gigasciencejournal.com,,EBI,true
629,test+gigadb629@gigasciencejournal.com,5a4f75053077a32e681f81daa8792f95,test,gigadb629,"Carver College of Medicine, The University of Iowa, Iowa City, IA, US","",f,t,f,,,,,test+gigadb629@gigasciencejournal.com,,EBI,true
630,test+gigadb630@gigasciencejournal.com,5a4f75053077a32e681f81daa8792f95,test,gigadb630,"The Saban Research Institute of Children’s Hospital, Los Angeles, California, USA","",f,t,f,,,,,test+gigadb630@gigasciencejournal.com,,EBI,true
631,test+gigadb631@gigasciencejournal.com,5a4f75053077a32e681f81daa8792f95,test,gigadb631,"Max Planck Research Group for Neuroanatomy & Connectivity, Max Planck Institute for Human Cognitive and Brain Sciences, Leipzig, Germany","",f,t,f,,,,,test+gigadb631@gigasciencejournal.com,,EBI,true
632,test+gigadb632@gigasciencejournal.com,5a4f75053077a32e681f81daa8792f95,test,gigadb632,"Center for Biomedical Imaging and Neuromodulation, Nathan Kline Institute for Psychiatric Research, Orangeburg, NY, USA","",f,t,f,,,,,test+gigadb632@gigasciencejournal.com,,EBI,true
633,test+gigadb633@gigasciencejournal.com,5a4f75053077a32e681f81daa8792f95,test,gigadb633,"PUCRS, Porto Alegre, Rio Grande do Sul, Brazil","",f,t,f,,,,,test+gigadb633@gigasciencejournal.com,,EBI,true
634,test+gigadb634@gigasciencejournal.com,5a4f75053077a32e681f81daa8792f95,test,gigadb634,"Functional Imaging Unit, Center for Diagnostic Radiology, Unviersity Medicine Greifswald, Greifswald, Greeifswald, Germany","",f,t,f,,,,,test+gigadb634@gigasciencejournal.com,,EBI,true
635,test+gigadb635@gigasciencejournal.com,5a4f75053077a32e681f81daa8792f95,test,gigadb635,"Program in Biomedical Informatics, Stanford University, Stanford, California, USA","",f,t,f,,,,,test+gigadb635@gigasciencejournal.com,,EBI,true
636,test+gigadb636@gigasciencejournal.com,5a4f75053077a32e681f81daa8792f95,test,gigadb636,"PUCRS, Porto Alegre, Rio Grande do Sul, Brazil","",f,t,f,,,,,test+gigadb636@gigasciencejournal.com,,EBI,true
637,test+gigadb637@gigasciencejournal.com,5a4f75053077a32e681f81daa8792f95,test,gigadb637,"Imaging Genetics Center, Keck School of Medicine of University of Southern California, Marina del Rey, CA, USA","",f,t,f,,,,,test+gigadb637@gigasciencejournal.com,,EBI,true
638,test+gigadb638@gigasciencejournal.com,5a4f75053077a32e681f81daa8792f95,test,gigadb638,"York University, Department of Biology, Toronto, Ontario, Canada","",f,t,f,,,,,test+gigadb638@gigasciencejournal.com,,EBI,true
639,test+gigadb639@gigasciencejournal.com,5a4f75053077a32e681f81daa8792f95,test,gigadb639,DWR Aquatic Ecology,user,f,f,t,,,,,test+gigadb639@gigasciencejournal.com,,EBI,true
640,test+gigadb640@gigasciencejournal.com,5a4f75053077a32e681f81daa8792f95,test,gigadb640,ILBS,user,t,f,t,,,,,test+gigadb640@gigasciencejournal.com,,NCBI,true
641,test+gigadb641@gigasciencejournal.com,5a4f75053077a32e681f81daa8792f95,test,gigadb641,tianjian,user,t,t,f,,,,,test+gigadb641@gigasciencejournal.com,,NCBI,true
642,test+gigadb642@gigasciencejournal.com,5a4f75053077a32e681f81daa8792f95,test,gigadb642,"Princeton University, Princeton, NJ, UNITED STATES","",f,t,f,,,,,test+gigadb642@gigasciencejournal.com,,EBI,true
643,test+gigadb643@gigasciencejournal.com,5a4f75053077a32e681f81daa8792f95,test,gigadb643,University of Ottawa,user,f,t,f,,,,,test+gigadb643@gigasciencejournal.com,,EBI,true
644,test+gigadb644@gigasciencejournal.com,5a4f75053077a32e681f81daa8792f95,test,gigadb644,Earlham Institute,user,f,t,f,,,,,test+gigadb644@gigasciencejournal.com,,EBI,true
645,test+gigadb645@gigasciencejournal.com,5a4f75053077a32e681f81daa8792f95,test,gigadb645,University of Lausanne,user,f,f,t,,,,,test+gigadb645@gigasciencejournal.com,,NCBI,true
646,test+gigadb646@gigasciencejournal.com,5a4f75053077a32e681f81daa8792f95,test,gigadb646,University of Lausanne,user,t,f,f,,,,,test+gigadb646@gigasciencejournal.com,,NCBI,true
647,test+gigadb647@gigasciencejournal.com,5a4f75053077a32e681f81daa8792f95,test,gigadb647,Okinawa Institute of Science and Technology,user,t,t,f,,,,,test+gigadb647@gigasciencejournal.com,,EBI,true
648,test+gigadb648@gigasciencejournal.com,5a4f75053077a32e681f81daa8792f95,test,gigadb648,Washington State University,user,t,t,f,,,,,test+gigadb648@gigasciencejournal.com,,NCBI,true
649,test+gigadb649@gigasciencejournal.com,5a4f75053077a32e681f81daa8792f95,test,gigadb649,Western Michigan University,user,f,t,f,,,,,test+gigadb649@gigasciencejournal.com,,EBI,true
650,test+gigadb650@gigasciencejournal.com,5a4f75053077a32e681f81daa8792f95,test,gigadb650,Nagoya University,user,t,t,f,,,,,test+gigadb650@gigasciencejournal.com,,NCBI,true
651,test+gigadb651@gigasciencejournal.com,5a4f75053077a32e681f81daa8792f95,test,gigadb651,Bahcesehir University,user,f,t,f,,,,,test+gigadb651@gigasciencejournal.com,,EBI,true
652,test+gigadb652@gigasciencejournal.com,5a4f75053077a32e681f81daa8792f95,test,gigadb652,Bahcesehir University,user,t,t,f,,,,,test+gigadb652@gigasciencejournal.com,,EBI,true
653,test+gigadb653@gigasciencejournal.com,5a4f75053077a32e681f81daa8792f95,test,gigadb653,"Department of Crop and Forest Sciences-AGROTECNIO Center, Universitat de Lleida, 25198 Lleida, Spain","",f,t,f,,,,,test+gigadb653@gigasciencejournal.com,,EBI,true
654,test+gigadb654@gigasciencejournal.com,5a4f75053077a32e681f81daa8792f95,test,gigadb654,McGill University,user,t,f,t,,,,,test+gigadb654@gigasciencejournal.com,,NCBI,true
655,test+gigadb655@gigasciencejournal.com,5a4f75053077a32e681f81daa8792f95,test,gigadb655,Brigham Young University,user,t,t,f,,,,,test+gigadb655@gigasciencejournal.com,,NCBI,true
656,test+gigadb656@gigasciencejournal.com,5a4f75053077a32e681f81daa8792f95,test,gigadb656,CSIC,user,f,t,f,,,,,test+gigadb656@gigasciencejournal.com,,EBI,true
657,test+gigadb657@gigasciencejournal.com,5a4f75053077a32e681f81daa8792f95,test,gigadb657,UNIBA,user,f,t,f,,,,,test+gigadb657@gigasciencejournal.com,,NCBI,true
658,test+gigadb658@gigasciencejournal.com,5a4f75053077a32e681f81daa8792f95,test,gigadb658,nwsauf,user,f,t,f,,,,,test+gigadb658@gigasciencejournal.com,,EBI,true
659,test+gigadb659@gigasciencejournal.com,5a4f75053077a32e681f81daa8792f95,test,gigadb659,Children's Hospital of Philadelphia,user,f,t,f,,,,,test+gigadb659@gigasciencejournal.com,,NCBI,true
660,test+gigadb660@gigasciencejournal.com,5a4f75053077a32e681f81daa8792f95,test,gigadb660,Hunan Agricultural University,user,t,t,f,,,,,test+gigadb660@gigasciencejournal.com,,NCBI,true
661,test+gigadb661@gigasciencejournal.com,5a4f75053077a32e681f81daa8792f95,test,gigadb661,UGA,user,f,f,t,,,,,test+gigadb661@gigasciencejournal.com,,NCBI,true
662,test+gigadb662@gigasciencejournal.com,5a4f75053077a32e681f81daa8792f95,test,gigadb662,+86 13570846816,user,f,t,f,,,,,test+gigadb662@gigasciencejournal.com,,EBI,true
663,test+gigadb663@gigasciencejournal.com,5a4f75053077a32e681f81daa8792f95,test,gigadb663,San Simon University,user,t,t,f,,,,,test+gigadb663@gigasciencejournal.com,,EBI,true
664,test+gigadb664@gigasciencejournal.com,5a4f75053077a32e681f81daa8792f95,test,gigadb664,+86 13570846816,user,t,t,f,,,,,test+gigadb664@gigasciencejournal.com,,EBI,true
665,test+gigadb665@gigasciencejournal.com,5a4f75053077a32e681f81daa8792f95,test,gigadb665,"Sackler Institute for Comparative Genomics, American Museum of Natural History, New York, NY","",f,t,f,,,,,test+gigadb665@gigasciencejournal.com,,EBI,true
666,test+gigadb666@gigasciencejournal.com,5a4f75053077a32e681f81daa8792f95,test,gigadb666,global inc,user,t,t,f,,,,,test+gigadb666@gigasciencejournal.com,,EBI,true
667,test+gigadb667@gigasciencejournal.com,5a4f75053077a32e681f81daa8792f95,test,gigadb667,CeBiTec - Bielefeld University,user,t,f,t,,,,,test+gigadb667@gigasciencejournal.com,,EBI,true
668,test+gigadb668@gigasciencejournal.com,5a4f75053077a32e681f81daa8792f95,test,gigadb668,"EMBL-EBI, Wellcome Genome Campus, Hinxton, Cambridge, UK","",f,t,f,,,,,test+gigadb668@gigasciencejournal.com,,EBI,true
669,test+gigadb669@gigasciencejournal.com,5a4f75053077a32e681f81daa8792f95,test,gigadb669,"Donald Danforth Plant Science Center, St. Louis, MO, USA","",f,t,f,,,,,test+gigadb669@gigasciencejournal.com,,EBI,true
670,test+gigadb670@gigasciencejournal.com,5a4f75053077a32e681f81daa8792f95,test,gigadb670,Rutgers University,user,t,t,f,,,,,test+gigadb670@gigasciencejournal.com,,NCBI,true
671,test+gigadb671@gigasciencejournal.com,5a4f75053077a32e681f81daa8792f95,test,gigadb671,"BGI-Shenzhen, Shenzhen 518083, P. R. China","",f,t,f,,,,,test+gigadb671@gigasciencejournal.com,,EBI,true
672,test+gigadb672@gigasciencejournal.com,5a4f75053077a32e681f81daa8792f95,test,gigadb672,"Guangdong Provincial Hospital of Chinese Medicine, China Academy of Chinese Medical Sciences, Guangzhou 510006, China","",f,t,f,,,,,test+gigadb672@gigasciencejournal.com,,EBI,true
673,test+gigadb673@gigasciencejournal.com,5a4f75053077a32e681f81daa8792f95,test,gigadb673,University of Szczecin,user,t,f,t,,,,,test+gigadb673@gigasciencejournal.com,,EBI,true
674,test+gigadb674@gigasciencejournal.com,5a4f75053077a32e681f81daa8792f95,test,gigadb674,"State Key Laboratory of Bioelectronics, Southeast University",user,t,t,f,,,,,test+gigadb674@gigasciencejournal.com,,NCBI,true
675,test+gigadb675@gigasciencejournal.com,5a4f75053077a32e681f81daa8792f95,test,gigadb675,student,user,t,t,f,,,,,test+gigadb675@gigasciencejournal.com,,NCBI,true
676,test+gigadb676@gigasciencejournal.com,5a4f75053077a32e681f81daa8792f95,test,gigadb676,"Klinik und Poliklinik für Mund-, Kiefer- und Gesichtschirurg",user,t,t,f,,,,,test+gigadb676@gigasciencejournal.com,,NCBI,true
677,test+gigadb677@gigasciencejournal.com,5a4f75053077a32e681f81daa8792f95,test,gigadb677,University of Michigan,user,f,f,t,,,,,test+gigadb677@gigasciencejournal.com,,NCBI,true
678,test+gigadb678@gigasciencejournal.com,5a4f75053077a32e681f81daa8792f95,test,gigadb678,Rutgers University,user,f,t,f,,,,,test+gigadb678@gigasciencejournal.com,,NCBI,true
679,test+gigadb679@gigasciencejournal.com,5a4f75053077a32e681f81daa8792f95,test,gigadb679,big,user,t,f,t,,,,,test+gigadb679@gigasciencejournal.com,,NCBI,true
680,local-gigadb-admin@rijam.ml1.net,5a4f75053077a32e681f81daa8792f95,Rija,Ménagé,Cinecinetique,admin,t,t,f,,,,,local-gigadb-admin@rijam.ml1.net,,EBI,true
